[ {
  "match_id" : 3943077,
  "match_date" : "2024-07-15",
  "kick_off" : "04:15:00.000",
  "competition" : {
    "competition_id" : 223,
    "country_name" : "South America",
    "competition_name" : "Copa America"
  },
  "season" : {
    "season_id" : 282,
    "season_name" : "2024"
  },
  "home_team" : {
    "home_team_id" : 779,
    "home_team_name" : "Argentina",
    "home_team_gender" : "male",
    "home_team_group" : null,
    "country" : {
      "id" : 11,
      "name" : "Argentina"
    },
    "managers" : [ {
      "id" : 5677,
      "name" : "Lionel Sebastián Scaloni",
      "nickname" : null,
      "dob" : "1978-05-16",
      "country" : {
        "id" : 11,
        "name" : "Argentina"
      }
    } ]
  },
  "away_team" : {
    "away_team_id" : 769,
    "away_team_name" : "Colombia",
    "away_team_gender" : "male",
    "away_team_group" : null,
    "country" : {
      "id" : 49,
      "name" : "Colombia"
    },
    "managers" : [ {
      "id" : 5905,
      "name" : "Néstor Gabriel Lorenzo",
      "nickname" : null,
      "dob" : "1966-02-28",
      "country" : {
        "id" : 11,
        "name" : "Argentina"
      }
    } ]
  },
  "home_score" : 1,
  "away_score" : 0,
  "match_status" : "available",
  "match_status_360" : "unscheduled",
  "last_updated" : "2024-07-15T15:50:08.671355",
  "last_updated_360" : null,
  "metadata" : {
    "data_version" : "1.1.0",
    "shot_fidelity_version" : "2",
    "xy_fidelity_version" : "2"
  },
  "match_week" : 6,
  "competition_stage" : {
    "id" : 26,
    "name" : "Final"
  },
  "stadium" : {
    "id" : 5337,
    "name" : "Hard Rock Stadium",
    "country" : {
      "id" : 241,
      "name" : "United States of America"
    }
  },
  "referee" : {
    "id" : 2638,
    "name" : "Raphael Claus",
    "country" : {
      "id" : 31,
      "name" : "Brazil"
    }
  }
}, {
  "match_id" : 3943076,
  "match_date" : "2024-07-14",
  "kick_off" : "03:00:00.000",
  "competition" : {
    "competition_id" : 223,
    "country_name" : "South America",
    "competition_name" : "Copa America"
  },
  "season" : {
    "season_id" : 282,
    "season_name" : "2024"
  },
  "home_team" : {
    "home_team_id" : 1833,
    "home_team_name" : "Canada",
    "home_team_gender" : "male",
    "home_team_group" : null,
    "country" : {
      "id" : 40,
      "name" : "Canada"
    },
    "managers" : [ {
      "id" : 165,
      "name" : "Jesse Marsch",
      "nickname" : null,
      "dob" : "1973-11-08",
      "country" : {
        "id" : 241,
        "name" : "United States of America"
      }
    } ]
  },
  "away_team" : {
    "away_team_id" : 783,
    "away_team_name" : "Uruguay",
    "away_team_gender" : "male",
    "away_team_group" : null,
    "country" : {
      "id" : 242,
      "name" : "Uruguay"
    },
    "managers" : [ {
      "id" : 269,
      "name" : "Marcelo Alberto Bielsa Caldera",
      "nickname" : "Marcelo Bielsa",
      "dob" : "1955-07-21",
      "country" : {
        "id" : 11,
        "name" : "Argentina"
      }
    } ]
  },
  "home_score" : 2,
  "away_score" : 2,
  "match_status" : "available",
  "match_status_360" : "unscheduled",
  "last_updated" : "2024-07-15T07:57:02.660641",
  "last_updated_360" : null,
  "metadata" : {
    "data_version" : "1.1.0",
    "shot_fidelity_version" : "2",
    "xy_fidelity_version" : "2"
  },
  "match_week" : 6,
  "competition_stage" : {
    "id" : 25,
    "name" : "3rd Place Final"
  },
  "stadium" : {
    "id" : 52985,
    "name" : "Bank of America Stadium",
    "country" : {
      "id" : 241,
      "name" : "United States of America"
    }
  },
  "referee" : {
    "id" : 1849,
    "name" : "Alexis Herrera",
    "country" : {
      "id" : 246,
      "name" : "Venezuela (Bolivarian Republic)"
    }
  }
}, {
  "match_id" : 3942852,
  "match_date" : "2024-07-11",
  "kick_off" : "03:00:00.000",
  "competition" : {
    "competition_id" : 223,
    "country_name" : "South America",
    "competition_name" : "Copa America"
  },
  "season" : {
    "season_id" : 282,
    "season_name" : "2024"
  },
  "home_team" : {
    "home_team_id" : 783,
    "home_team_name" : "Uruguay",
    "home_team_gender" : "male",
    "home_team_group" : null,
    "country" : {
      "id" : 242,
      "name" : "Uruguay"
    },
    "managers" : [ {
      "id" : 269,
      "name" : "Marcelo Alberto Bielsa Caldera",
      "nickname" : "Marcelo Bielsa",
      "dob" : "1955-07-21",
      "country" : {
        "id" : 11,
        "name" : "Argentina"
      }
    } ]
  },
  "away_team" : {
    "away_team_id" : 769,
    "away_team_name" : "Colombia",
    "away_team_gender" : "male",
    "away_team_group" : null,
    "country" : {
      "id" : 49,
      "name" : "Colombia"
    },
    "managers" : [ {
      "id" : 5905,
      "name" : "Néstor Gabriel Lorenzo",
      "nickname" : null,
      "dob" : "1966-02-28",
      "country" : {
        "id" : 11,
        "name" : "Argentina"
      }
    } ]
  },
  "home_score" : 0,
  "away_score" : 1,
  "match_status" : "available",
  "match_status_360" : "unscheduled",
  "last_updated" : "2024-07-15T18:00:33.653673",
  "last_updated_360" : null,
  "metadata" : {
    "data_version" : "1.1.0",
    "shot_fidelity_version" : "2",
    "xy_fidelity_version" : "2"
  },
  "match_week" : 5,
  "competition_stage" : {
    "id" : 15,
    "name" : "Semi-finals"
  },
  "stadium" : {
    "id" : 52985,
    "name" : "Bank of America Stadium",
    "country" : {
      "id" : 241,
      "name" : "United States of America"
    }
  },
  "referee" : {
    "id" : 740,
    "name" : "César Arturo Ramos Palazuelos",
    "country" : {
      "id" : 147,
      "name" : "Mexico"
    }
  }
}, {
  "match_id" : 3942785,
  "match_date" : "2024-07-10",
  "kick_off" : "03:00:00.000",
  "competition" : {
    "competition_id" : 223,
    "country_name" : "South America",
    "competition_name" : "Copa America"
  },
  "season" : {
    "season_id" : 282,
    "season_name" : "2024"
  },
  "home_team" : {
    "home_team_id" : 779,
    "home_team_name" : "Argentina",
    "home_team_gender" : "male",
    "home_team_group" : null,
    "country" : {
      "id" : 11,
      "name" : "Argentina"
    },
    "managers" : [ {
      "id" : 5677,
      "name" : "Lionel Sebastián Scaloni",
      "nickname" : null,
      "dob" : "1978-05-16",
      "country" : {
        "id" : 11,
        "name" : "Argentina"
      }
    } ]
  },
  "away_team" : {
    "away_team_id" : 1833,
    "away_team_name" : "Canada",
    "away_team_gender" : "male",
    "away_team_group" : null,
    "country" : {
      "id" : 40,
      "name" : "Canada"
    },
    "managers" : [ {
      "id" : 165,
      "name" : "Jesse Marsch",
      "nickname" : null,
      "dob" : "1973-11-08",
      "country" : {
        "id" : 241,
        "name" : "United States of America"
      }
    } ]
  },
  "home_score" : 2,
  "away_score" : 0,
  "match_status" : "available",
  "match_status_360" : "unscheduled",
  "last_updated" : "2024-07-14T15:55:49.351182",
  "last_updated_360" : null,
  "metadata" : {
    "data_version" : "1.1.0",
    "shot_fidelity_version" : "2",
    "xy_fidelity_version" : "2"
  },
  "match_week" : 5,
  "competition_stage" : {
    "id" : 15,
    "name" : "Semi-finals"
  },
  "stadium" : {
    "id" : 1001990,
    "name" : "MetLife Stadium",
    "country" : {
      "id" : 241,
      "name" : "United States of America"
    }
  },
  "referee" : {
    "id" : 1776,
    "name" : "Piero Maza Gomez",
    "country" : {
      "id" : 45,
      "name" : "Chile"
    }
  }
}, {
  "match_id" : 3942416,
  "match_date" : "2024-07-07",
  "kick_off" : "01:00:00.000",
  "competition" : {
    "competition_id" : 223,
    "country_name" : "South America",
    "competition_name" : "Copa America"
  },
  "season" : {
    "season_id" : 282,
    "season_name" : "2024"
  },
  "home_team" : {
    "home_team_id" : 769,
    "home_team_name" : "Colombia",
    "home_team_gender" : "male",
    "home_team_group" : null,
    "country" : {
      "id" : 49,
      "name" : "Colombia"
    },
    "managers" : [ {
      "id" : 5905,
      "name" : "Néstor Gabriel Lorenzo",
      "nickname" : null,
      "dob" : "1966-02-28",
      "country" : {
        "id" : 11,
        "name" : "Argentina"
      }
    } ]
  },
  "away_team" : {
    "away_team_id" : 798,
    "away_team_name" : "Panama",
    "away_team_gender" : "male",
    "away_team_group" : null,
    "country" : {
      "id" : 176,
      "name" : "Panama"
    },
    "managers" : [ {
      "id" : 415,
      "name" : "Thomas Christiansen Tarín",
      "nickname" : "Thomas Christiansen",
      "dob" : "1973-03-11",
      "country" : {
        "id" : 214,
        "name" : "Spain"
      }
    } ]
  },
  "home_score" : 5,
  "away_score" : 0,
  "match_status" : "available",
  "match_status_360" : "unscheduled",
  "last_updated" : "2024-07-10T06:49:40.099252",
  "last_updated_360" : null,
  "metadata" : {
    "data_version" : "1.1.0",
    "shot_fidelity_version" : "2",
    "xy_fidelity_version" : "2"
  },
  "match_week" : 4,
  "competition_stage" : {
    "id" : 11,
    "name" : "Quarter-finals"
  },
  "stadium" : {
    "id" : 118193,
    "name" : "State Farm Stadium",
    "country" : {
      "id" : 241,
      "name" : "United States of America"
    }
  },
  "referee" : {
    "id" : 252,
    "name" : "Maurizio Mariani",
    "country" : {
      "id" : 112,
      "name" : "Italy"
    }
  }
}, {
  "match_id" : 3942415,
  "match_date" : "2024-07-07",
  "kick_off" : "04:00:00.000",
  "competition" : {
    "competition_id" : 223,
    "country_name" : "South America",
    "competition_name" : "Copa America"
  },
  "season" : {
    "season_id" : 282,
    "season_name" : "2024"
  },
  "home_team" : {
    "home_team_id" : 783,
    "home_team_name" : "Uruguay",
    "home_team_gender" : "male",
    "home_team_group" : null,
    "country" : {
      "id" : 242,
      "name" : "Uruguay"
    },
    "managers" : [ {
      "id" : 269,
      "name" : "Marcelo Alberto Bielsa Caldera",
      "nickname" : "Marcelo Bielsa",
      "dob" : "1955-07-21",
      "country" : {
        "id" : 11,
        "name" : "Argentina"
      }
    } ]
  },
  "away_team" : {
    "away_team_id" : 781,
    "away_team_name" : "Brazil",
    "away_team_gender" : "male",
    "away_team_group" : null,
    "country" : {
      "id" : 31,
      "name" : "Brazil"
    },
    "managers" : [ {
      "id" : 3239,
      "name" : "Dorival Silvestre Júnior",
      "nickname" : "Dorival Júnior",
      "dob" : "1962-04-25",
      "country" : {
        "id" : 31,
        "name" : "Brazil"
      }
    } ]
  },
  "home_score" : 0,
  "away_score" : 0,
  "match_status" : "available",
  "match_status_360" : "unscheduled",
  "last_updated" : "2024-07-14T15:32:06.707155",
  "last_updated_360" : null,
  "metadata" : {
    "data_version" : "1.1.0",
    "shot_fidelity_version" : "2",
    "xy_fidelity_version" : "2"
  },
  "match_week" : 4,
  "competition_stage" : {
    "id" : 11,
    "name" : "Quarter-finals"
  },
  "stadium" : {
    "id" : 1000154,
    "name" : "Allegiant Stadium",
    "country" : {
      "id" : 241,
      "name" : "United States of America"
    }
  },
  "referee" : {
    "id" : 1120,
    "name" : "Darío Herrera",
    "country" : {
      "id" : 11,
      "name" : "Argentina"
    }
  }
}, {
  "match_id" : 3939986,
  "match_date" : "2024-06-30",
  "kick_off" : "03:00:00.000",
  "competition" : {
    "competition_id" : 223,
    "country_name" : "South America",
    "competition_name" : "Copa America"
  },
  "season" : {
    "season_id" : 282,
    "season_name" : "2024"
  },
  "home_team" : {
    "home_team_id" : 779,
    "home_team_name" : "Argentina",
    "home_team_gender" : "male",
    "home_team_group" : null,
    "country" : {
      "id" : 11,
      "name" : "Argentina"
    },
    "managers" : [ {
      "id" : 5677,
      "name" : "Lionel Sebastián Scaloni",
      "nickname" : null,
      "dob" : "1978-05-16",
      "country" : {
        "id" : 11,
        "name" : "Argentina"
      }
    } ]
  },
  "away_team" : {
    "away_team_id" : 784,
    "away_team_name" : "Peru",
    "away_team_gender" : "male",
    "away_team_group" : null,
    "country" : {
      "id" : 179,
      "name" : "Peru"
    },
    "managers" : [ {
      "id" : 3841,
      "name" : "Jorge Daniel Fossati Lurachi",
      "nickname" : "Jorge Fossati",
      "dob" : "1952-11-22",
      "country" : {
        "id" : 242,
        "name" : "Uruguay"
      }
    } ]
  },
  "home_score" : 2,
  "away_score" : 0,
  "match_status" : "available",
  "match_status_360" : "unscheduled",
  "last_updated" : "2024-07-10T08:52:05.304046",
  "last_updated_360" : null,
  "metadata" : {
    "data_version" : "1.1.0",
    "shot_fidelity_version" : "2",
    "xy_fidelity_version" : "2"
  },
  "match_week" : 3,
  "competition_stage" : {
    "id" : 10,
    "name" : "Group Stage"
  },
  "stadium" : {
    "id" : 5337,
    "name" : "Hard Rock Stadium",
    "country" : {
      "id" : 241,
      "name" : "United States of America"
    }
  },
  "referee" : {
    "id" : 740,
    "name" : "César Arturo Ramos Palazuelos",
    "country" : {
      "id" : 147,
      "name" : "Mexico"
    }
  }
}, {
  "match_id" : 3939973,
  "match_date" : "2024-06-24",
  "kick_off" : "04:00:00.000",
  "competition" : {
    "competition_id" : 223,
    "country_name" : "South America",
    "competition_name" : "Copa America"
  },
  "season" : {
    "season_id" : 282,
    "season_name" : "2024"
  },
  "home_team" : {
    "home_team_id" : 783,
    "home_team_name" : "Uruguay",
    "home_team_gender" : "male",
    "home_team_group" : null,
    "country" : {
      "id" : 242,
      "name" : "Uruguay"
    },
    "managers" : [ {
      "id" : 269,
      "name" : "Marcelo Alberto Bielsa Caldera",
      "nickname" : "Marcelo Bielsa",
      "dob" : "1955-07-21",
      "country" : {
        "id" : 11,
        "name" : "Argentina"
      }
    } ]
  },
  "away_team" : {
    "away_team_id" : 798,
    "away_team_name" : "Panama",
    "away_team_gender" : "male",
    "away_team_group" : null,
    "country" : {
      "id" : 176,
      "name" : "Panama"
    },
    "managers" : [ {
      "id" : 415,
      "name" : "Thomas Christiansen Tarín",
      "nickname" : "Thomas Christiansen",
      "dob" : "1973-03-11",
      "country" : {
        "id" : 214,
        "name" : "Spain"
      }
    } ]
  },
  "home_score" : 3,
  "away_score" : 1,
  "match_status" : "available",
  "match_status_360" : "unscheduled",
  "last_updated" : "2024-07-08T22:09:32.590631",
  "last_updated_360" : null,
  "metadata" : {
    "data_version" : "1.1.0",
    "shot_fidelity_version" : "2",
    "xy_fidelity_version" : "2"
  },
  "match_week" : 1,
  "competition_stage" : {
    "id" : 10,
    "name" : "Group Stage"
  },
  "stadium" : {
    "id" : 5337,
    "name" : "Hard Rock Stadium",
    "country" : {
      "id" : 241,
      "name" : "United States of America"
    }
  },
  "referee" : {
    "id" : 1776,
    "name" : "Piero Maza Gomez",
    "country" : {
      "id" : 45,
      "name" : "Chile"
    }
  }
}, {
  "match_id" : 3942229,
  "match_date" : "2024-07-06",
  "kick_off" : "04:00:00.000",
  "competition" : {
    "competition_id" : 223,
    "country_name" : "South America",
    "competition_name" : "Copa America"
  },
  "season" : {
    "season_id" : 282,
    "season_name" : "2024"
  },
  "home_team" : {
    "home_team_id" : 3563,
    "home_team_name" : "Venezuela",
    "home_team_gender" : "male",
    "home_team_group" : null,
    "country" : {
      "id" : 246,
      "name" : "Venezuela (Bolivarian Republic)"
    },
    "managers" : [ {
      "id" : 1001500,
      "name" : "Fernando Ariel Batista",
      "nickname" : null,
      "dob" : "1970-08-20",
      "country" : {
        "id" : 11,
        "name" : "Argentina"
      }
    } ]
  },
  "away_team" : {
    "away_team_id" : 1833,
    "away_team_name" : "Canada",
    "away_team_gender" : "male",
    "away_team_group" : null,
    "country" : {
      "id" : 40,
      "name" : "Canada"
    },
    "managers" : [ {
      "id" : 165,
      "name" : "Jesse Marsch",
      "nickname" : null,
      "dob" : "1973-11-08",
      "country" : {
        "id" : 241,
        "name" : "United States of America"
      }
    } ]
  },
  "home_score" : 1,
  "away_score" : 1,
  "match_status" : "available",
  "match_status_360" : "unscheduled",
  "last_updated" : "2024-07-13T23:56:59.669800",
  "last_updated_360" : null,
  "metadata" : {
    "data_version" : "1.1.0",
    "shot_fidelity_version" : "2",
    "xy_fidelity_version" : "2"
  },
  "match_week" : 4,
  "competition_stage" : {
    "id" : 11,
    "name" : "Quarter-finals"
  },
  "stadium" : {
    "id" : 94424,
    "name" : "AT&T Stadium",
    "country" : {
      "id" : 241,
      "name" : "United States of America"
    }
  },
  "referee" : {
    "id" : 986,
    "name" : "Wilton Pereira Sampaio",
    "country" : {
      "id" : 31,
      "name" : "Brazil"
    }
  }
}, {
  "match_id" : 3942228,
  "match_date" : "2024-07-05",
  "kick_off" : "04:00:00.000",
  "competition" : {
    "competition_id" : 223,
    "country_name" : "South America",
    "competition_name" : "Copa America"
  },
  "season" : {
    "season_id" : 282,
    "season_name" : "2024"
  },
  "home_team" : {
    "home_team_id" : 779,
    "home_team_name" : "Argentina",
    "home_team_gender" : "male",
    "home_team_group" : null,
    "country" : {
      "id" : 11,
      "name" : "Argentina"
    },
    "managers" : [ {
      "id" : 5677,
      "name" : "Lionel Sebastián Scaloni",
      "nickname" : null,
      "dob" : "1978-05-16",
      "country" : {
        "id" : 11,
        "name" : "Argentina"
      }
    } ]
  },
  "away_team" : {
    "away_team_id" : 3565,
    "away_team_name" : "Ecuador",
    "away_team_gender" : "male",
    "away_team_group" : null,
    "country" : {
      "id" : 65,
      "name" : "Ecuador"
    },
    "managers" : [ {
      "id" : 5710,
      "name" : "Félix Sánchez Bas",
      "nickname" : "Félix Sánchez",
      "dob" : "1975-12-13",
      "country" : {
        "id" : 214,
        "name" : "Spain"
      }
    } ]
  },
  "home_score" : 1,
  "away_score" : 1,
  "match_status" : "available",
  "match_status_360" : "unscheduled",
  "last_updated" : "2024-07-11T14:18:57.536262",
  "last_updated_360" : null,
  "metadata" : {
    "data_version" : "1.1.0",
    "shot_fidelity_version" : "2",
    "xy_fidelity_version" : "2"
  },
  "match_week" : 4,
  "competition_stage" : {
    "id" : 11,
    "name" : "Quarter-finals"
  },
  "stadium" : {
    "id" : 118199,
    "name" : "NRG Stadium",
    "country" : {
      "id" : 241,
      "name" : "United States of America"
    }
  },
  "referee" : {
    "id" : 1814,
    "name" : "Andrés Matonte",
    "country" : {
      "id" : 242,
      "name" : "Uruguay"
    }
  }
}, {
  "match_id" : 3939985,
  "match_date" : "2024-06-30",
  "kick_off" : "03:00:00.000",
  "competition" : {
    "competition_id" : 223,
    "country_name" : "South America",
    "competition_name" : "Copa America"
  },
  "season" : {
    "season_id" : 282,
    "season_name" : "2024"
  },
  "home_team" : {
    "home_team_id" : 1833,
    "home_team_name" : "Canada",
    "home_team_gender" : "male",
    "home_team_group" : null,
    "country" : {
      "id" : 40,
      "name" : "Canada"
    },
    "managers" : [ {
      "id" : 165,
      "name" : "Jesse Marsch",
      "nickname" : null,
      "dob" : "1973-11-08",
      "country" : {
        "id" : 241,
        "name" : "United States of America"
      }
    } ]
  },
  "away_team" : {
    "away_team_id" : 3562,
    "away_team_name" : "Chile",
    "away_team_gender" : "male",
    "away_team_group" : null,
    "country" : {
      "id" : 45,
      "name" : "Chile"
    },
    "managers" : [ {
      "id" : 629,
      "name" : "Ricardo Alberto Gareca Nardi",
      "nickname" : "Ricardo Gareca",
      "dob" : "1958-02-10",
      "country" : {
        "id" : 11,
        "name" : "Argentina"
      }
    } ]
  },
  "home_score" : 0,
  "away_score" : 0,
  "match_status" : "available",
  "match_status_360" : "unscheduled",
  "last_updated" : "2024-07-11T13:26:28.603491",
  "last_updated_360" : null,
  "metadata" : {
    "data_version" : "1.1.0",
    "shot_fidelity_version" : "2",
    "xy_fidelity_version" : "2"
  },
  "match_week" : 3,
  "competition_stage" : {
    "id" : 10,
    "name" : "Group Stage"
  },
  "stadium" : {
    "id" : 4725,
    "name" : "Inter&Co Stadium",
    "country" : {
      "id" : 241,
      "name" : "United States of America"
    }
  },
  "referee" : {
    "id" : 175,
    "name" : "Wilmar Alexander Roldán Pérez",
    "country" : {
      "id" : 49,
      "name" : "Colombia"
    }
  }
}, {
  "match_id" : 3939984,
  "match_date" : "2024-06-29",
  "kick_off" : "01:00:00.000",
  "competition" : {
    "competition_id" : 223,
    "country_name" : "South America",
    "competition_name" : "Copa America"
  },
  "season" : {
    "season_id" : 282,
    "season_name" : "2024"
  },
  "home_team" : {
    "home_team_id" : 769,
    "home_team_name" : "Colombia",
    "home_team_gender" : "male",
    "home_team_group" : null,
    "country" : {
      "id" : 49,
      "name" : "Colombia"
    },
    "managers" : [ {
      "id" : 5905,
      "name" : "Néstor Gabriel Lorenzo",
      "nickname" : null,
      "dob" : "1966-02-28",
      "country" : {
        "id" : 11,
        "name" : "Argentina"
      }
    } ]
  },
  "away_team" : {
    "away_team_id" : 795,
    "away_team_name" : "Costa Rica",
    "away_team_gender" : "male",
    "away_team_group" : null,
    "country" : {
      "id" : 54,
      "name" : "Costa Rica"
    },
    "managers" : [ {
      "id" : 2881,
      "name" : "Gustavo Julio Alfaro",
      "nickname" : "Gustavo Alfaro",
      "dob" : "1962-08-14",
      "country" : {
        "id" : 11,
        "name" : "Argentina"
      }
    } ]
  },
  "home_score" : 3,
  "away_score" : 0,
  "match_status" : "available",
  "match_status_360" : "unscheduled",
  "last_updated" : "2024-07-12T20:46:40.990417",
  "last_updated_360" : null,
  "metadata" : {
    "data_version" : "1.1.0",
    "shot_fidelity_version" : "2",
    "xy_fidelity_version" : "2"
  },
  "match_week" : 2,
  "competition_stage" : {
    "id" : 10,
    "name" : "Group Stage"
  },
  "stadium" : {
    "id" : 118193,
    "name" : "State Farm Stadium",
    "country" : {
      "id" : 241,
      "name" : "United States of America"
    }
  },
  "referee" : {
    "id" : 1845,
    "name" : "Gustavo Tejera",
    "country" : {
      "id" : 242,
      "name" : "Uruguay"
    }
  }
}, {
  "match_id" : 3939981,
  "match_date" : "2024-06-28",
  "kick_off" : "01:00:00.000",
  "competition" : {
    "competition_id" : 223,
    "country_name" : "South America",
    "competition_name" : "Copa America"
  },
  "season" : {
    "season_id" : 282,
    "season_name" : "2024"
  },
  "home_team" : {
    "home_team_id" : 798,
    "home_team_name" : "Panama",
    "home_team_gender" : "male",
    "home_team_group" : null,
    "country" : {
      "id" : 176,
      "name" : "Panama"
    },
    "managers" : [ {
      "id" : 415,
      "name" : "Thomas Christiansen Tarín",
      "nickname" : "Thomas Christiansen",
      "dob" : "1973-03-11",
      "country" : {
        "id" : 214,
        "name" : "Spain"
      }
    } ]
  },
  "away_team" : {
    "away_team_id" : 1839,
    "away_team_name" : "United States",
    "away_team_gender" : "male",
    "away_team_group" : null,
    "country" : {
      "id" : 241,
      "name" : "United States of America"
    },
    "managers" : [ {
      "id" : 93,
      "name" : "Gregg Berhalter",
      "nickname" : null,
      "dob" : "1973-08-01",
      "country" : {
        "id" : 241,
        "name" : "United States of America"
      }
    } ]
  },
  "home_score" : 2,
  "away_score" : 1,
  "match_status" : "available",
  "match_status_360" : "unscheduled",
  "last_updated" : "2024-07-12T04:49:34.884245",
  "last_updated_360" : null,
  "metadata" : {
    "data_version" : "1.1.0",
    "shot_fidelity_version" : "2",
    "xy_fidelity_version" : "2"
  },
  "match_week" : 2,
  "competition_stage" : {
    "id" : 10,
    "name" : "Group Stage"
  },
  "stadium" : {
    "id" : 4673,
    "name" : "Mercedes-Benz Stadium",
    "country" : {
      "id" : 241,
      "name" : "United States of America"
    }
  },
  "referee" : {
    "id" : 1834,
    "name" : "Ivan Arcides Barton Cisneros",
    "country" : {
      "id" : 67,
      "name" : "El Salvador"
    }
  }
}, {
  "match_id" : 3939992,
  "match_date" : "2024-07-03",
  "kick_off" : "04:00:00.000",
  "competition" : {
    "competition_id" : 223,
    "country_name" : "South America",
    "competition_name" : "Copa America"
  },
  "season" : {
    "season_id" : 282,
    "season_name" : "2024"
  },
  "home_team" : {
    "home_team_id" : 795,
    "home_team_name" : "Costa Rica",
    "home_team_gender" : "male",
    "home_team_group" : null,
    "country" : {
      "id" : 54,
      "name" : "Costa Rica"
    },
    "managers" : [ {
      "id" : 2881,
      "name" : "Gustavo Julio Alfaro",
      "nickname" : "Gustavo Alfaro",
      "dob" : "1962-08-14",
      "country" : {
        "id" : 11,
        "name" : "Argentina"
      }
    } ]
  },
  "away_team" : {
    "away_team_id" : 3567,
    "away_team_name" : "Paraguay",
    "away_team_gender" : "male",
    "away_team_group" : null,
    "country" : {
      "id" : 178,
      "name" : "Paraguay"
    },
    "managers" : [ {
      "id" : 4655,
      "name" : "Daniel Oscar Garnero",
      "nickname" : "Daniel Garnero",
      "dob" : "1969-04-01",
      "country" : {
        "id" : 11,
        "name" : "Argentina"
      }
    } ]
  },
  "home_score" : 2,
  "away_score" : 1,
  "match_status" : "available",
  "match_status_360" : "unscheduled",
  "last_updated" : "2024-07-11T16:40:19.575131",
  "last_updated_360" : null,
  "metadata" : {
    "data_version" : "1.1.0",
    "shot_fidelity_version" : "2",
    "xy_fidelity_version" : "2"
  },
  "match_week" : 3,
  "competition_stage" : {
    "id" : 10,
    "name" : "Group Stage"
  },
  "stadium" : {
    "id" : 117996,
    "name" : "Q2 Stadium",
    "country" : {
      "id" : 241,
      "name" : "United States of America"
    }
  },
  "referee" : {
    "id" : 1501,
    "name" : "Yael Falcón Pérez",
    "country" : {
      "id" : 11,
      "name" : "Argentina"
    }
  }
}, {
  "match_id" : 3939991,
  "match_date" : "2024-07-03",
  "kick_off" : "04:00:00.000",
  "competition" : {
    "competition_id" : 223,
    "country_name" : "South America",
    "competition_name" : "Copa America"
  },
  "season" : {
    "season_id" : 282,
    "season_name" : "2024"
  },
  "home_team" : {
    "home_team_id" : 781,
    "home_team_name" : "Brazil",
    "home_team_gender" : "male",
    "home_team_group" : null,
    "country" : {
      "id" : 31,
      "name" : "Brazil"
    },
    "managers" : [ {
      "id" : 3239,
      "name" : "Dorival Silvestre Júnior",
      "nickname" : "Dorival Júnior",
      "dob" : "1962-04-25",
      "country" : {
        "id" : 31,
        "name" : "Brazil"
      }
    } ]
  },
  "away_team" : {
    "away_team_id" : 769,
    "away_team_name" : "Colombia",
    "away_team_gender" : "male",
    "away_team_group" : null,
    "country" : {
      "id" : 49,
      "name" : "Colombia"
    },
    "managers" : [ {
      "id" : 5905,
      "name" : "Néstor Gabriel Lorenzo",
      "nickname" : null,
      "dob" : "1966-02-28",
      "country" : {
        "id" : 11,
        "name" : "Argentina"
      }
    } ]
  },
  "home_score" : 1,
  "away_score" : 1,
  "match_status" : "available",
  "match_status_360" : "unscheduled",
  "last_updated" : "2024-07-13T19:25:51.805879",
  "last_updated_360" : null,
  "metadata" : {
    "data_version" : "1.1.0",
    "shot_fidelity_version" : "2",
    "xy_fidelity_version" : "2"
  },
  "match_week" : 3,
  "competition_stage" : {
    "id" : 10,
    "name" : "Group Stage"
  },
  "stadium" : {
    "id" : 1001237,
    "name" : "Levi''s Stadium",
    "country" : {
      "id" : 241,
      "name" : "United States of America"
    }
  },
  "referee" : {
    "id" : 1847,
    "name" : "Jesús Valenzuela Sáez",
    "country" : {
      "id" : 246,
      "name" : "Venezuela (Bolivarian Republic)"
    }
  }
}, {
  "match_id" : 3939990,
  "match_date" : "2024-07-02",
  "kick_off" : "04:00:00.000",
  "competition" : {
    "competition_id" : 223,
    "country_name" : "South America",
    "competition_name" : "Copa America"
  },
  "season" : {
    "season_id" : 282,
    "season_name" : "2024"
  },
  "home_team" : {
    "home_team_id" : 1839,
    "home_team_name" : "United States",
    "home_team_gender" : "male",
    "home_team_group" : null,
    "country" : {
      "id" : 241,
      "name" : "United States of America"
    },
    "managers" : [ {
      "id" : 93,
      "name" : "Gregg Berhalter",
      "nickname" : null,
      "dob" : "1973-08-01",
      "country" : {
        "id" : 241,
        "name" : "United States of America"
      }
    } ]
  },
  "away_team" : {
    "away_team_id" : 783,
    "away_team_name" : "Uruguay",
    "away_team_gender" : "male",
    "away_team_group" : null,
    "country" : {
      "id" : 242,
      "name" : "Uruguay"
    },
    "managers" : [ {
      "id" : 269,
      "name" : "Marcelo Alberto Bielsa Caldera",
      "nickname" : "Marcelo Bielsa",
      "dob" : "1955-07-21",
      "country" : {
        "id" : 11,
        "name" : "Argentina"
      }
    } ]
  },
  "home_score" : 0,
  "away_score" : 1,
  "match_status" : "available",
  "match_status_360" : "unscheduled",
  "last_updated" : "2024-07-10T06:45:26.112966",
  "last_updated_360" : null,
  "metadata" : {
    "data_version" : "1.1.0",
    "shot_fidelity_version" : "2",
    "xy_fidelity_version" : "2"
  },
  "match_week" : 3,
  "competition_stage" : {
    "id" : 10,
    "name" : "Group Stage"
  },
  "stadium" : {
    "id" : 1001871,
    "name" : "Arrowhead Stadium",
    "country" : {
      "id" : 241,
      "name" : "United States of America"
    }
  },
  "referee" : {
    "id" : 2737,
    "name" : "Kevin Ortega",
    "country" : {
      "id" : 179,
      "name" : "Peru"
    }
  }
}, {
  "match_id" : 3939989,
  "match_date" : "2024-07-02",
  "kick_off" : "04:00:00.000",
  "competition" : {
    "competition_id" : 223,
    "country_name" : "South America",
    "competition_name" : "Copa America"
  },
  "season" : {
    "season_id" : 282,
    "season_name" : "2024"
  },
  "home_team" : {
    "home_team_id" : 3564,
    "home_team_name" : "Bolivia",
    "home_team_gender" : "male",
    "home_team_group" : null,
    "country" : {
      "id" : 27,
      "name" : "Bolivia"
    },
    "managers" : [ {
      "id" : 4653,
      "name" : "Antônio Carlos Zago",
      "nickname" : null,
      "dob" : "1969-05-18",
      "country" : {
        "id" : 31,
        "name" : "Brazil"
      }
    } ]
  },
  "away_team" : {
    "away_team_id" : 798,
    "away_team_name" : "Panama",
    "away_team_gender" : "male",
    "away_team_group" : null,
    "country" : {
      "id" : 176,
      "name" : "Panama"
    },
    "managers" : [ {
      "id" : 415,
      "name" : "Thomas Christiansen Tarín",
      "nickname" : "Thomas Christiansen",
      "dob" : "1973-03-11",
      "country" : {
        "id" : 214,
        "name" : "Spain"
      }
    } ]
  },
  "home_score" : 1,
  "away_score" : 3,
  "match_status" : "available",
  "match_status_360" : "unscheduled",
  "last_updated" : "2024-07-10T17:45:43.087460",
  "last_updated_360" : null,
  "metadata" : {
    "data_version" : "1.1.0",
    "shot_fidelity_version" : "2",
    "xy_fidelity_version" : "2"
  },
  "match_week" : 3,
  "competition_stage" : {
    "id" : 10,
    "name" : "Group Stage"
  },
  "stadium" : {
    "id" : 240,
    "name" : "Orlando City Stadium",
    "country" : {
      "id" : 241,
      "name" : "United States of America"
    }
  },
  "referee" : {
    "id" : 2426,
    "name" : "Edina Alves Batista",
    "country" : {
      "id" : 31,
      "name" : "Brazil"
    }
  }
}, {
  "match_id" : 3939988,
  "match_date" : "2024-07-01",
  "kick_off" : "03:00:00.000",
  "competition" : {
    "competition_id" : 223,
    "country_name" : "South America",
    "competition_name" : "Copa America"
  },
  "season" : {
    "season_id" : 282,
    "season_name" : "2024"
  },
  "home_team" : {
    "home_team_id" : 794,
    "home_team_name" : "Mexico",
    "home_team_gender" : "male",
    "home_team_group" : null,
    "country" : {
      "id" : 147,
      "name" : "Mexico"
    },
    "managers" : [ {
      "id" : 1000115,
      "name" : "Jaime Arturo Lozano Espín",
      "nickname" : null,
      "dob" : "1978-09-29",
      "country" : {
        "id" : 147,
        "name" : "Mexico"
      }
    } ]
  },
  "away_team" : {
    "away_team_id" : 3565,
    "away_team_name" : "Ecuador",
    "away_team_gender" : "male",
    "away_team_group" : null,
    "country" : {
      "id" : 65,
      "name" : "Ecuador"
    },
    "managers" : [ {
      "id" : 5710,
      "name" : "Félix Sánchez Bas",
      "nickname" : "Félix Sánchez",
      "dob" : "1975-12-13",
      "country" : {
        "id" : 214,
        "name" : "Spain"
      }
    } ]
  },
  "home_score" : 0,
  "away_score" : 0,
  "match_status" : "available",
  "match_status_360" : "unscheduled",
  "last_updated" : "2024-07-10T06:43:35.826860",
  "last_updated_360" : null,
  "metadata" : {
    "data_version" : "1.1.0",
    "shot_fidelity_version" : "2",
    "xy_fidelity_version" : "2"
  },
  "match_week" : 3,
  "competition_stage" : {
    "id" : 10,
    "name" : "Group Stage"
  },
  "stadium" : {
    "id" : 118193,
    "name" : "State Farm Stadium",
    "country" : {
      "id" : 241,
      "name" : "United States of America"
    }
  },
  "referee" : {
    "id" : 1835,
    "name" : "Mario Alberto Escobar Toca",
    "country" : {
      "id" : 93,
      "name" : "Guatemala"
    }
  }
}, {
  "match_id" : 3939987,
  "match_date" : "2024-07-01",
  "kick_off" : "03:00:00.000",
  "competition" : {
    "competition_id" : 223,
    "country_name" : "South America",
    "competition_name" : "Copa America"
  },
  "season" : {
    "season_id" : 282,
    "season_name" : "2024"
  },
  "home_team" : {
    "home_team_id" : 2305,
    "home_team_name" : "Jamaica",
    "home_team_gender" : "male",
    "home_team_group" : null,
    "country" : {
      "id" : 113,
      "name" : "Jamaica"
    },
    "managers" : [ {
      "id" : 648,
      "name" : "Heimir Hallgrímsson",
      "nickname" : null,
      "dob" : "1967-06-10",
      "country" : {
        "id" : 104,
        "name" : "Iceland"
      }
    } ]
  },
  "away_team" : {
    "away_team_id" : 3563,
    "away_team_name" : "Venezuela",
    "away_team_gender" : "male",
    "away_team_group" : null,
    "country" : {
      "id" : 246,
      "name" : "Venezuela (Bolivarian Republic)"
    },
    "managers" : [ {
      "id" : 1001500,
      "name" : "Fernando Ariel Batista",
      "nickname" : null,
      "dob" : "1970-08-20",
      "country" : {
        "id" : 11,
        "name" : "Argentina"
      }
    } ]
  },
  "home_score" : 0,
  "away_score" : 3,
  "match_status" : "available",
  "match_status_360" : "unscheduled",
  "last_updated" : "2024-07-11T17:56:50.225876",
  "last_updated_360" : null,
  "metadata" : {
    "data_version" : "1.1.0",
    "shot_fidelity_version" : "2",
    "xy_fidelity_version" : "2"
  },
  "match_week" : 3,
  "competition_stage" : {
    "id" : 10,
    "name" : "Group Stage"
  },
  "stadium" : {
    "id" : 117996,
    "name" : "Q2 Stadium",
    "country" : {
      "id" : 241,
      "name" : "United States of America"
    }
  },
  "referee" : {
    "id" : 252,
    "name" : "Maurizio Mariani",
    "country" : {
      "id" : 112,
      "name" : "Italy"
    }
  }
}, {
  "match_id" : 3939983,
  "match_date" : "2024-06-29",
  "kick_off" : "04:00:00.000",
  "competition" : {
    "competition_id" : 223,
    "country_name" : "South America",
    "competition_name" : "Copa America"
  },
  "season" : {
    "season_id" : 282,
    "season_name" : "2024"
  },
  "home_team" : {
    "home_team_id" : 3567,
    "home_team_name" : "Paraguay",
    "home_team_gender" : "male",
    "home_team_group" : null,
    "country" : {
      "id" : 178,
      "name" : "Paraguay"
    },
    "managers" : [ {
      "id" : 4655,
      "name" : "Daniel Oscar Garnero",
      "nickname" : "Daniel Garnero",
      "dob" : "1969-04-01",
      "country" : {
        "id" : 11,
        "name" : "Argentina"
      }
    } ]
  },
  "away_team" : {
    "away_team_id" : 781,
    "away_team_name" : "Brazil",
    "away_team_gender" : "male",
    "away_team_group" : null,
    "country" : {
      "id" : 31,
      "name" : "Brazil"
    },
    "managers" : [ {
      "id" : 3239,
      "name" : "Dorival Silvestre Júnior",
      "nickname" : "Dorival Júnior",
      "dob" : "1962-04-25",
      "country" : {
        "id" : 31,
        "name" : "Brazil"
      }
    } ]
  },
  "home_score" : 1,
  "away_score" : 4,
  "match_status" : "available",
  "match_status_360" : "unscheduled",
  "last_updated" : "2024-07-09T14:25:25.481224",
  "last_updated_360" : null,
  "metadata" : {
    "data_version" : "1.1.0",
    "shot_fidelity_version" : "2",
    "xy_fidelity_version" : "2"
  },
  "match_week" : 2,
  "competition_stage" : {
    "id" : 10,
    "name" : "Group Stage"
  },
  "stadium" : {
    "id" : 1000154,
    "name" : "Allegiant Stadium",
    "country" : {
      "id" : 241,
      "name" : "United States of America"
    }
  },
  "referee" : {
    "id" : 1776,
    "name" : "Piero Maza Gomez",
    "country" : {
      "id" : 45,
      "name" : "Chile"
    }
  }
}, {
  "match_id" : 3939982,
  "match_date" : "2024-06-28",
  "kick_off" : "04:00:00.000",
  "competition" : {
    "competition_id" : 223,
    "country_name" : "South America",
    "competition_name" : "Copa America"
  },
  "season" : {
    "season_id" : 282,
    "season_name" : "2024"
  },
  "home_team" : {
    "home_team_id" : 783,
    "home_team_name" : "Uruguay",
    "home_team_gender" : "male",
    "home_team_group" : null,
    "country" : {
      "id" : 242,
      "name" : "Uruguay"
    },
    "managers" : [ {
      "id" : 269,
      "name" : "Marcelo Alberto Bielsa Caldera",
      "nickname" : "Marcelo Bielsa",
      "dob" : "1955-07-21",
      "country" : {
        "id" : 11,
        "name" : "Argentina"
      }
    } ]
  },
  "away_team" : {
    "away_team_id" : 3564,
    "away_team_name" : "Bolivia",
    "away_team_gender" : "male",
    "away_team_group" : null,
    "country" : {
      "id" : 27,
      "name" : "Bolivia"
    },
    "managers" : [ {
      "id" : 4653,
      "name" : "Antônio Carlos Zago",
      "nickname" : null,
      "dob" : "1969-05-18",
      "country" : {
        "id" : 31,
        "name" : "Brazil"
      }
    } ]
  },
  "home_score" : 5,
  "away_score" : 0,
  "match_status" : "available",
  "match_status_360" : "unscheduled",
  "last_updated" : "2024-07-09T15:14:11.551053",
  "last_updated_360" : null,
  "metadata" : {
    "data_version" : "1.1.0",
    "shot_fidelity_version" : "2",
    "xy_fidelity_version" : "2"
  },
  "match_week" : 2,
  "competition_stage" : {
    "id" : 10,
    "name" : "Group Stage"
  },
  "stadium" : {
    "id" : 1001990,
    "name" : "MetLife Stadium",
    "country" : {
      "id" : 241,
      "name" : "United States of America"
    }
  },
  "referee" : {
    "id" : 1852,
    "name" : "Juan Gabriel Benítez",
    "country" : {
      "id" : 178,
      "name" : "Paraguay"
    }
  }
}, {
  "match_id" : 3939980,
  "match_date" : "2024-06-27",
  "kick_off" : "01:00:00.000",
  "competition" : {
    "competition_id" : 223,
    "country_name" : "South America",
    "competition_name" : "Copa America"
  },
  "season" : {
    "season_id" : 282,
    "season_name" : "2024"
  },
  "home_team" : {
    "home_team_id" : 3565,
    "home_team_name" : "Ecuador",
    "home_team_gender" : "male",
    "home_team_group" : null,
    "country" : {
      "id" : 65,
      "name" : "Ecuador"
    },
    "managers" : [ {
      "id" : 5710,
      "name" : "Félix Sánchez Bas",
      "nickname" : "Félix Sánchez",
      "dob" : "1975-12-13",
      "country" : {
        "id" : 214,
        "name" : "Spain"
      }
    } ]
  },
  "away_team" : {
    "away_team_id" : 2305,
    "away_team_name" : "Jamaica",
    "away_team_gender" : "male",
    "away_team_group" : null,
    "country" : {
      "id" : 113,
      "name" : "Jamaica"
    },
    "managers" : [ {
      "id" : 648,
      "name" : "Heimir Hallgrímsson",
      "nickname" : null,
      "dob" : "1967-06-10",
      "country" : {
        "id" : 104,
        "name" : "Iceland"
      }
    } ]
  },
  "home_score" : 3,
  "away_score" : 1,
  "match_status" : "available",
  "match_status_360" : "unscheduled",
  "last_updated" : "2024-07-11T11:05:28.290817",
  "last_updated_360" : null,
  "metadata" : {
    "data_version" : "1.1.0",
    "shot_fidelity_version" : "2",
    "xy_fidelity_version" : "2"
  },
  "match_week" : 2,
  "competition_stage" : {
    "id" : 10,
    "name" : "Group Stage"
  },
  "stadium" : {
    "id" : 1000154,
    "name" : "Allegiant Stadium",
    "country" : {
      "id" : 241,
      "name" : "United States of America"
    }
  },
  "referee" : {
    "id" : 1773,
    "name" : "Cristián Garay",
    "country" : {
      "id" : 45,
      "name" : "Chile"
    }
  }
}, {
  "match_id" : 3939979,
  "match_date" : "2024-06-27",
  "kick_off" : "04:00:00.000",
  "competition" : {
    "competition_id" : 223,
    "country_name" : "South America",
    "competition_name" : "Copa America"
  },
  "season" : {
    "season_id" : 282,
    "season_name" : "2024"
  },
  "home_team" : {
    "home_team_id" : 3563,
    "home_team_name" : "Venezuela",
    "home_team_gender" : "male",
    "home_team_group" : null,
    "country" : {
      "id" : 246,
      "name" : "Venezuela (Bolivarian Republic)"
    },
    "managers" : [ {
      "id" : 1001500,
      "name" : "Fernando Ariel Batista",
      "nickname" : null,
      "dob" : "1970-08-20",
      "country" : {
        "id" : 11,
        "name" : "Argentina"
      }
    } ]
  },
  "away_team" : {
    "away_team_id" : 794,
    "away_team_name" : "Mexico",
    "away_team_gender" : "male",
    "away_team_group" : null,
    "country" : {
      "id" : 147,
      "name" : "Mexico"
    },
    "managers" : [ {
      "id" : 1000115,
      "name" : "Jaime Arturo Lozano Espín",
      "nickname" : null,
      "dob" : "1978-09-29",
      "country" : {
        "id" : 147,
        "name" : "Mexico"
      }
    } ]
  },
  "home_score" : 1,
  "away_score" : 0,
  "match_status" : "available",
  "match_status_360" : "unscheduled",
  "last_updated" : "2024-07-12T04:01:01.848254",
  "last_updated_360" : null,
  "metadata" : {
    "data_version" : "1.1.0",
    "shot_fidelity_version" : "2",
    "xy_fidelity_version" : "2"
  },
  "match_week" : 2,
  "competition_stage" : {
    "id" : 10,
    "name" : "Group Stage"
  },
  "stadium" : {
    "id" : 1001411,
    "name" : "SoFi Stadium",
    "country" : {
      "id" : 241,
      "name" : "United States of America"
    }
  },
  "referee" : {
    "id" : 2638,
    "name" : "Raphael Claus",
    "country" : {
      "id" : 31,
      "name" : "Brazil"
    }
  }
}, {
  "match_id" : 3939978,
  "match_date" : "2024-06-26",
  "kick_off" : "01:00:00.000",
  "competition" : {
    "competition_id" : 223,
    "country_name" : "South America",
    "competition_name" : "Copa America"
  },
  "season" : {
    "season_id" : 282,
    "season_name" : "2024"
  },
  "home_team" : {
    "home_team_id" : 784,
    "home_team_name" : "Peru",
    "home_team_gender" : "male",
    "home_team_group" : null,
    "country" : {
      "id" : 179,
      "name" : "Peru"
    },
    "managers" : [ {
      "id" : 3841,
      "name" : "Jorge Daniel Fossati Lurachi",
      "nickname" : "Jorge Fossati",
      "dob" : "1952-11-22",
      "country" : {
        "id" : 242,
        "name" : "Uruguay"
      }
    } ]
  },
  "away_team" : {
    "away_team_id" : 1833,
    "away_team_name" : "Canada",
    "away_team_gender" : "male",
    "away_team_group" : null,
    "country" : {
      "id" : 40,
      "name" : "Canada"
    },
    "managers" : [ {
      "id" : 165,
      "name" : "Jesse Marsch",
      "nickname" : null,
      "dob" : "1973-11-08",
      "country" : {
        "id" : 241,
        "name" : "United States of America"
      }
    } ]
  },
  "home_score" : 0,
  "away_score" : 1,
  "match_status" : "available",
  "match_status_360" : "unscheduled",
  "last_updated" : "2024-07-13T01:00:38.664914",
  "last_updated_360" : null,
  "metadata" : {
    "data_version" : "1.1.0",
    "shot_fidelity_version" : "2",
    "xy_fidelity_version" : "2"
  },
  "match_week" : 2,
  "competition_stage" : {
    "id" : 10,
    "name" : "Group Stage"
  },
  "stadium" : {
    "id" : 4719,
    "name" : "Children''s Mercy Park",
    "country" : {
      "id" : 241,
      "name" : "United States of America"
    }
  },
  "referee" : {
    "id" : 1835,
    "name" : "Mario Alberto Escobar Toca",
    "country" : {
      "id" : 93,
      "name" : "Guatemala"
    }
  }
}, {
  "match_id" : 3939977,
  "match_date" : "2024-06-26",
  "kick_off" : "04:00:00.000",
  "competition" : {
    "competition_id" : 223,
    "country_name" : "South America",
    "competition_name" : "Copa America"
  },
  "season" : {
    "season_id" : 282,
    "season_name" : "2024"
  },
  "home_team" : {
    "home_team_id" : 3562,
    "home_team_name" : "Chile",
    "home_team_gender" : "male",
    "home_team_group" : null,
    "country" : {
      "id" : 45,
      "name" : "Chile"
    },
    "managers" : [ {
      "id" : 629,
      "name" : "Ricardo Alberto Gareca Nardi",
      "nickname" : "Ricardo Gareca",
      "dob" : "1958-02-10",
      "country" : {
        "id" : 11,
        "name" : "Argentina"
      }
    } ]
  },
  "away_team" : {
    "away_team_id" : 779,
    "away_team_name" : "Argentina",
    "away_team_gender" : "male",
    "away_team_group" : null,
    "country" : {
      "id" : 11,
      "name" : "Argentina"
    },
    "managers" : [ {
      "id" : 5677,
      "name" : "Lionel Sebastián Scaloni",
      "nickname" : null,
      "dob" : "1978-05-16",
      "country" : {
        "id" : 11,
        "name" : "Argentina"
      }
    } ]
  },
  "home_score" : 0,
  "away_score" : 1,
  "match_status" : "available",
  "match_status_360" : "unscheduled",
  "last_updated" : "2024-07-10T18:09:05.408477",
  "last_updated_360" : null,
  "metadata" : {
    "data_version" : "1.1.0",
    "shot_fidelity_version" : "2",
    "xy_fidelity_version" : "2"
  },
  "match_week" : 2,
  "competition_stage" : {
    "id" : 10,
    "name" : "Group Stage"
  },
  "stadium" : {
    "id" : 1001990,
    "name" : "MetLife Stadium",
    "country" : {
      "id" : 241,
      "name" : "United States of America"
    }
  },
  "referee" : {
    "id" : 1814,
    "name" : "Andrés Matonte",
    "country" : {
      "id" : 242,
      "name" : "Uruguay"
    }
  }
}, {
  "match_id" : 3939976,
  "match_date" : "2024-06-25",
  "kick_off" : "04:00:00.000",
  "competition" : {
    "competition_id" : 223,
    "country_name" : "South America",
    "competition_name" : "Copa America"
  },
  "season" : {
    "season_id" : 282,
    "season_name" : "2024"
  },
  "home_team" : {
    "home_team_id" : 781,
    "home_team_name" : "Brazil",
    "home_team_gender" : "male",
    "home_team_group" : null,
    "country" : {
      "id" : 31,
      "name" : "Brazil"
    },
    "managers" : [ {
      "id" : 3239,
      "name" : "Dorival Silvestre Júnior",
      "nickname" : "Dorival Júnior",
      "dob" : "1962-04-25",
      "country" : {
        "id" : 31,
        "name" : "Brazil"
      }
    } ]
  },
  "away_team" : {
    "away_team_id" : 795,
    "away_team_name" : "Costa Rica",
    "away_team_gender" : "male",
    "away_team_group" : null,
    "country" : {
      "id" : 54,
      "name" : "Costa Rica"
    },
    "managers" : [ {
      "id" : 2881,
      "name" : "Gustavo Julio Alfaro",
      "nickname" : "Gustavo Alfaro",
      "dob" : "1962-08-14",
      "country" : {
        "id" : 11,
        "name" : "Argentina"
      }
    } ]
  },
  "home_score" : 0,
  "away_score" : 0,
  "match_status" : "available",
  "match_status_360" : "unscheduled",
  "last_updated" : "2024-07-11T11:53:53.844903",
  "last_updated_360" : null,
  "metadata" : {
    "data_version" : "1.1.0",
    "shot_fidelity_version" : "2",
    "xy_fidelity_version" : "2"
  },
  "match_week" : 1,
  "competition_stage" : {
    "id" : 10,
    "name" : "Group Stage"
  },
  "stadium" : {
    "id" : 1001411,
    "name" : "SoFi Stadium",
    "country" : {
      "id" : 241,
      "name" : "United States of America"
    }
  },
  "referee" : {
    "id" : 740,
    "name" : "César Arturo Ramos Palazuelos",
    "country" : {
      "id" : 147,
      "name" : "Mexico"
    }
  }
}, {
  "match_id" : 3939975,
  "match_date" : "2024-06-25",
  "kick_off" : "01:00:00.000",
  "competition" : {
    "competition_id" : 223,
    "country_name" : "South America",
    "competition_name" : "Copa America"
  },
  "season" : {
    "season_id" : 282,
    "season_name" : "2024"
  },
  "home_team" : {
    "home_team_id" : 769,
    "home_team_name" : "Colombia",
    "home_team_gender" : "male",
    "home_team_group" : null,
    "country" : {
      "id" : 49,
      "name" : "Colombia"
    },
    "managers" : [ {
      "id" : 5905,
      "name" : "Néstor Gabriel Lorenzo",
      "nickname" : null,
      "dob" : "1966-02-28",
      "country" : {
        "id" : 11,
        "name" : "Argentina"
      }
    } ]
  },
  "away_team" : {
    "away_team_id" : 3567,
    "away_team_name" : "Paraguay",
    "away_team_gender" : "male",
    "away_team_group" : null,
    "country" : {
      "id" : 178,
      "name" : "Paraguay"
    },
    "managers" : [ {
      "id" : 4655,
      "name" : "Daniel Oscar Garnero",
      "nickname" : "Daniel Garnero",
      "dob" : "1969-04-01",
      "country" : {
        "id" : 11,
        "name" : "Argentina"
      }
    } ]
  },
  "home_score" : 2,
  "away_score" : 1,
  "match_status" : "available",
  "match_status_360" : "unscheduled",
  "last_updated" : "2024-07-14T17:04:40.597924",
  "last_updated_360" : null,
  "metadata" : {
    "data_version" : "1.1.0",
    "shot_fidelity_version" : "2",
    "xy_fidelity_version" : "2"
  },
  "match_week" : 1,
  "competition_stage" : {
    "id" : 10,
    "name" : "Group Stage"
  },
  "stadium" : {
    "id" : 118199,
    "name" : "NRG Stadium",
    "country" : {
      "id" : 241,
      "name" : "United States of America"
    }
  },
  "referee" : {
    "id" : 1120,
    "name" : "Darío Herrera",
    "country" : {
      "id" : 11,
      "name" : "Argentina"
    }
  }
}, {
  "match_id" : 3939974,
  "match_date" : "2024-06-24",
  "kick_off" : "01:00:00.000",
  "competition" : {
    "competition_id" : 223,
    "country_name" : "South America",
    "competition_name" : "Copa America"
  },
  "season" : {
    "season_id" : 282,
    "season_name" : "2024"
  },
  "home_team" : {
    "home_team_id" : 1839,
    "home_team_name" : "United States",
    "home_team_gender" : "male",
    "home_team_group" : null,
    "country" : {
      "id" : 241,
      "name" : "United States of America"
    },
    "managers" : [ {
      "id" : 93,
      "name" : "Gregg Berhalter",
      "nickname" : null,
      "dob" : "1973-08-01",
      "country" : {
        "id" : 241,
        "name" : "United States of America"
      }
    } ]
  },
  "away_team" : {
    "away_team_id" : 3564,
    "away_team_name" : "Bolivia",
    "away_team_gender" : "male",
    "away_team_group" : null,
    "country" : {
      "id" : 27,
      "name" : "Bolivia"
    },
    "managers" : [ {
      "id" : 4653,
      "name" : "Antônio Carlos Zago",
      "nickname" : null,
      "dob" : "1969-05-18",
      "country" : {
        "id" : 31,
        "name" : "Brazil"
      }
    } ]
  },
  "home_score" : 2,
  "away_score" : 0,
  "match_status" : "available",
  "match_status_360" : "unscheduled",
  "last_updated" : "2024-07-10T13:06:41.582507",
  "last_updated_360" : null,
  "metadata" : {
    "data_version" : "1.1.0",
    "shot_fidelity_version" : "2",
    "xy_fidelity_version" : "2"
  },
  "match_week" : 1,
  "competition_stage" : {
    "id" : 10,
    "name" : "Group Stage"
  },
  "stadium" : {
    "id" : 94424,
    "name" : "AT&T Stadium",
    "country" : {
      "id" : 241,
      "name" : "United States of America"
    }
  },
  "referee" : {
    "id" : 252,
    "name" : "Maurizio Mariani",
    "country" : {
      "id" : 112,
      "name" : "Italy"
    }
  }
}, {
  "match_id" : 3939972,
  "match_date" : "2024-06-23",
  "kick_off" : "01:00:00.000",
  "competition" : {
    "competition_id" : 223,
    "country_name" : "South America",
    "competition_name" : "Copa America"
  },
  "season" : {
    "season_id" : 282,
    "season_name" : "2024"
  },
  "home_team" : {
    "home_team_id" : 3565,
    "home_team_name" : "Ecuador",
    "home_team_gender" : "male",
    "home_team_group" : null,
    "country" : {
      "id" : 65,
      "name" : "Ecuador"
    },
    "managers" : [ {
      "id" : 5710,
      "name" : "Félix Sánchez Bas",
      "nickname" : "Félix Sánchez",
      "dob" : "1975-12-13",
      "country" : {
        "id" : 214,
        "name" : "Spain"
      }
    } ]
  },
  "away_team" : {
    "away_team_id" : 3563,
    "away_team_name" : "Venezuela",
    "away_team_gender" : "male",
    "away_team_group" : null,
    "country" : {
      "id" : 246,
      "name" : "Venezuela (Bolivarian Republic)"
    },
    "managers" : [ {
      "id" : 1001500,
      "name" : "Fernando Ariel Batista",
      "nickname" : null,
      "dob" : "1970-08-20",
      "country" : {
        "id" : 11,
        "name" : "Argentina"
      }
    } ]
  },
  "home_score" : 1,
  "away_score" : 2,
  "match_status" : "available",
  "match_status_360" : "unscheduled",
  "last_updated" : "2024-07-12T21:31:59.102963",
  "last_updated_360" : null,
  "metadata" : {
    "data_version" : "1.1.0",
    "shot_fidelity_version" : "2",
    "xy_fidelity_version" : "2"
  },
  "match_week" : 1,
  "competition_stage" : {
    "id" : 10,
    "name" : "Group Stage"
  },
  "stadium" : {
    "id" : 1001237,
    "name" : "Levi''s Stadium",
    "country" : {
      "id" : 241,
      "name" : "United States of America"
    }
  },
  "referee" : {
    "id" : 175,
    "name" : "Wilmar Alexander Roldán Pérez",
    "country" : {
      "id" : 49,
      "name" : "Colombia"
    }
  }
}, {
  "match_id" : 3939971,
  "match_date" : "2024-06-23",
  "kick_off" : "04:00:00.000",
  "competition" : {
    "competition_id" : 223,
    "country_name" : "South America",
    "competition_name" : "Copa America"
  },
  "season" : {
    "season_id" : 282,
    "season_name" : "2024"
  },
  "home_team" : {
    "home_team_id" : 794,
    "home_team_name" : "Mexico",
    "home_team_gender" : "male",
    "home_team_group" : null,
    "country" : {
      "id" : 147,
      "name" : "Mexico"
    },
    "managers" : [ {
      "id" : 1000115,
      "name" : "Jaime Arturo Lozano Espín",
      "nickname" : null,
      "dob" : "1978-09-29",
      "country" : {
        "id" : 147,
        "name" : "Mexico"
      }
    } ]
  },
  "away_team" : {
    "away_team_id" : 2305,
    "away_team_name" : "Jamaica",
    "away_team_gender" : "male",
    "away_team_group" : null,
    "country" : {
      "id" : 113,
      "name" : "Jamaica"
    },
    "managers" : [ {
      "id" : 648,
      "name" : "Heimir Hallgrímsson",
      "nickname" : null,
      "dob" : "1967-06-10",
      "country" : {
        "id" : 104,
        "name" : "Iceland"
      }
    } ]
  },
  "home_score" : 1,
  "away_score" : 0,
  "match_status" : "available",
  "match_status_360" : "unscheduled",
  "last_updated" : "2024-07-12T19:15:02.637961",
  "last_updated_360" : null,
  "metadata" : {
    "data_version" : "1.1.0",
    "shot_fidelity_version" : "2",
    "xy_fidelity_version" : "2"
  },
  "match_week" : 1,
  "competition_stage" : {
    "id" : 10,
    "name" : "Group Stage"
  },
  "stadium" : {
    "id" : 118199,
    "name" : "NRG Stadium",
    "country" : {
      "id" : 241,
      "name" : "United States of America"
    }
  },
  "referee" : {
    "id" : 438,
    "name" : "Ismail Elfath",
    "country" : {
      "id" : 241,
      "name" : "United States of America"
    }
  }
}, {
  "match_id" : 3939970,
  "match_date" : "2024-06-22",
  "kick_off" : "03:00:00.000",
  "competition" : {
    "competition_id" : 223,
    "country_name" : "South America",
    "competition_name" : "Copa America"
  },
  "season" : {
    "season_id" : 282,
    "season_name" : "2024"
  },
  "home_team" : {
    "home_team_id" : 784,
    "home_team_name" : "Peru",
    "home_team_gender" : "male",
    "home_team_group" : null,
    "country" : {
      "id" : 179,
      "name" : "Peru"
    },
    "managers" : [ {
      "id" : 3841,
      "name" : "Jorge Daniel Fossati Lurachi",
      "nickname" : "Jorge Fossati",
      "dob" : "1952-11-22",
      "country" : {
        "id" : 242,
        "name" : "Uruguay"
      }
    } ]
  },
  "away_team" : {
    "away_team_id" : 3562,
    "away_team_name" : "Chile",
    "away_team_gender" : "male",
    "away_team_group" : null,
    "country" : {
      "id" : 45,
      "name" : "Chile"
    },
    "managers" : [ {
      "id" : 629,
      "name" : "Ricardo Alberto Gareca Nardi",
      "nickname" : "Ricardo Gareca",
      "dob" : "1958-02-10",
      "country" : {
        "id" : 11,
        "name" : "Argentina"
      }
    } ]
  },
  "home_score" : 0,
  "away_score" : 0,
  "match_status" : "available",
  "match_status_360" : "unscheduled",
  "last_updated" : "2024-07-07T15:51:25.411244",
  "last_updated_360" : null,
  "metadata" : {
    "data_version" : "1.1.0",
    "shot_fidelity_version" : "2",
    "xy_fidelity_version" : "2"
  },
  "match_week" : 1,
  "competition_stage" : {
    "id" : 10,
    "name" : "Group Stage"
  },
  "stadium" : {
    "id" : 94424,
    "name" : "AT&T Stadium",
    "country" : {
      "id" : 241,
      "name" : "United States of America"
    }
  },
  "referee" : {
    "id" : 986,
    "name" : "Wilton Pereira Sampaio",
    "country" : {
      "id" : 31,
      "name" : "Brazil"
    }
  }
}, {
  "match_id" : 3939969,
  "match_date" : "2024-06-21",
  "kick_off" : "03:00:00.000",
  "competition" : {
    "competition_id" : 223,
    "country_name" : "South America",
    "competition_name" : "Copa America"
  },
  "season" : {
    "season_id" : 282,
    "season_name" : "2024"
  },
  "home_team" : {
    "home_team_id" : 779,
    "home_team_name" : "Argentina",
    "home_team_gender" : "male",
    "home_team_group" : null,
    "country" : {
      "id" : 11,
      "name" : "Argentina"
    },
    "managers" : [ {
      "id" : 5677,
      "name" : "Lionel Sebastián Scaloni",
      "nickname" : null,
      "dob" : "1978-05-16",
      "country" : {
        "id" : 11,
        "name" : "Argentina"
      }
    } ]
  },
  "away_team" : {
    "away_team_id" : 1833,
    "away_team_name" : "Canada",
    "away_team_gender" : "male",
    "away_team_group" : null,
    "country" : {
      "id" : 40,
      "name" : "Canada"
    },
    "managers" : [ {
      "id" : 165,
      "name" : "Jesse Marsch",
      "nickname" : null,
      "dob" : "1973-11-08",
      "country" : {
        "id" : 241,
        "name" : "United States of America"
      }
    } ]
  },
  "home_score" : 2,
  "away_score" : 0,
  "match_status" : "available",
  "match_status_360" : "unscheduled",
  "last_updated" : "2024-07-09T10:26:47.528559",
  "last_updated_360" : null,
  "metadata" : {
    "data_version" : "1.1.0",
    "shot_fidelity_version" : "2",
    "xy_fidelity_version" : "2"
  },
  "match_week" : 1,
  "competition_stage" : {
    "id" : 10,
    "name" : "Group Stage"
  },
  "stadium" : {
    "id" : 4673,
    "name" : "Mercedes-Benz Stadium",
    "country" : {
      "id" : 241,
      "name" : "United States of America"
    }
  },
  "referee" : {
    "id" : 1847,
    "name" : "Jesús Valenzuela Sáez",
    "country" : {
      "id" : 246,
      "name" : "Venezuela (Bolivarian Republic)"
    }
  }
} ]