[ {
  "match_id" : 3895302,
  "match_date" : "2024-04-14",
  "kick_off" : "17:30:00.000",
  "competition" : {
    "competition_id" : 9,
    "country_name" : "Germany",
    "competition_name" : "1. Bundesliga"
  },
  "season" : {
    "season_id" : 281,
    "season_name" : "2023/2024"
  },
  "home_team" : {
    "home_team_id" : 904,
    "home_team_name" : "Bayer Leverkusen",
    "home_team_gender" : "male",
    "home_team_group" : null,
    "country" : {
      "id" : 85,
      "name" : "Germany"
    },
    "managers" : [ {
      "id" : 1000310,
      "name" : "Xabier Alonso Olano",
      "nickname" : "Xabi Alonso",
      "dob" : "1981-11-25",
      "country" : {
        "id" : 214,
        "name" : "Spain"
      }
    } ]
  },
  "away_team" : {
    "away_team_id" : 176,
    "away_team_name" : "Werder Bremen",
    "away_team_gender" : "male",
    "away_team_group" : null,
    "country" : {
      "id" : 85,
      "name" : "Germany"
    },
    "managers" : [ {
      "id" : 4057,
      "name" : "Ole Werner",
      "nickname" : null,
      "dob" : "1988-05-04",
      "country" : {
        "id" : 85,
        "name" : "Germany"
      }
    } ]
  },
  "home_score" : 5,
  "away_score" : 0,
  "match_status" : "available",
  "match_status_360" : "available",
  "last_updated" : "2024-05-10T16:57:53.017895",
  "last_updated_360" : "2024-05-10T17:03:59.613154",
  "metadata" : {
    "data_version" : "1.1.0",
    "shot_fidelity_version" : "2",
    "xy_fidelity_version" : "2"
  },
  "match_week" : 29,
  "competition_stage" : {
    "id" : 1,
    "name" : "Regular Season"
  },
  "stadium" : {
    "id" : 377,
    "name" : "BayArena",
    "country" : {
      "id" : 85,
      "name" : "Germany"
    }
  },
  "referee" : {
    "id" : 234,
    "name" : "Harm Osmers",
    "country" : {
      "id" : 85,
      "name" : "Germany"
    }
  }
}, {
  "match_id" : 3895292,
  "match_date" : "2024-04-06",
  "kick_off" : "15:30:00.000",
  "competition" : {
    "competition_id" : 9,
    "country_name" : "Germany",
    "competition_name" : "1. Bundesliga"
  },
  "season" : {
    "season_id" : 281,
    "season_name" : "2023/2024"
  },
  "home_team" : {
    "home_team_id" : 190,
    "home_team_name" : "Union Berlin",
    "home_team_gender" : "male",
    "home_team_group" : null,
    "country" : {
      "id" : 85,
      "name" : "Germany"
    },
    "managers" : [ {
      "id" : 176,
      "name" : "Nenad Bjelica",
      "nickname" : null,
      "dob" : "1971-08-20",
      "country" : {
        "id" : 56,
        "name" : "Croatia"
      }
    } ]
  },
  "away_team" : {
    "away_team_id" : 904,
    "away_team_name" : "Bayer Leverkusen",
    "away_team_gender" : "male",
    "away_team_group" : null,
    "country" : {
      "id" : 85,
      "name" : "Germany"
    },
    "managers" : [ {
      "id" : 1000310,
      "name" : "Xabier Alonso Olano",
      "nickname" : "Xabi Alonso",
      "dob" : "1981-11-25",
      "country" : {
        "id" : 214,
        "name" : "Spain"
      }
    } ]
  },
  "home_score" : 0,
  "away_score" : 1,
  "match_status" : "available",
  "match_status_360" : "available",
  "last_updated" : "2024-05-12T21:04:50.061716",
  "last_updated_360" : "2024-05-12T21:08:37.897296",
  "metadata" : {
    "data_version" : "1.1.0",
    "shot_fidelity_version" : "2",
    "xy_fidelity_version" : "2"
  },
  "match_week" : 28,
  "competition_stage" : {
    "id" : 1,
    "name" : "Regular Season"
  },
  "stadium" : {
    "id" : 560,
    "name" : "Stadion An der Alten Försterei",
    "country" : {
      "id" : 85,
      "name" : "Germany"
    }
  },
  "referee" : {
    "id" : 235,
    "name" : "Benjamin Brand",
    "country" : {
      "id" : 85,
      "name" : "Germany"
    }
  }
}, {
  "match_id" : 3895333,
  "match_date" : "2024-05-05",
  "kick_off" : "18:30:00.000",
  "competition" : {
    "competition_id" : 9,
    "country_name" : "Germany",
    "competition_name" : "1. Bundesliga"
  },
  "season" : {
    "season_id" : 281,
    "season_name" : "2023/2024"
  },
  "home_team" : {
    "home_team_id" : 184,
    "home_team_name" : "Eintracht Frankfurt",
    "home_team_gender" : "male",
    "home_team_group" : null,
    "country" : {
      "id" : 85,
      "name" : "Germany"
    },
    "managers" : [ {
      "id" : 704,
      "name" : "Dino Toppmöller",
      "nickname" : null,
      "dob" : "1980-11-23",
      "country" : {
        "id" : 85,
        "name" : "Germany"
      }
    } ]
  },
  "away_team" : {
    "away_team_id" : 904,
    "away_team_name" : "Bayer Leverkusen",
    "away_team_gender" : "male",
    "away_team_group" : null,
    "country" : {
      "id" : 85,
      "name" : "Germany"
    },
    "managers" : [ {
      "id" : 1000310,
      "name" : "Xabier Alonso Olano",
      "nickname" : "Xabi Alonso",
      "dob" : "1981-11-25",
      "country" : {
        "id" : 214,
        "name" : "Spain"
      }
    } ]
  },
  "home_score" : 1,
  "away_score" : 5,
  "match_status" : "available",
  "match_status_360" : "available",
  "last_updated" : "2024-05-14T16:23:06.325967",
  "last_updated_360" : "2024-05-14T16:32:13.483516",
  "metadata" : {
    "data_version" : "1.1.0",
    "shot_fidelity_version" : "2",
    "xy_fidelity_version" : "2"
  },
  "match_week" : 32,
  "competition_stage" : {
    "id" : 1,
    "name" : "Regular Season"
  },
  "stadium" : {
    "id" : 116458,
    "name" : "Deutsche Bank Park",
    "country" : {
      "id" : 85,
      "name" : "Germany"
    }
  },
  "referee" : {
    "id" : 237,
    "name" : "Christian Dingert",
    "country" : {
      "id" : 85,
      "name" : "Germany"
    }
  }
}, {
  "match_id" : 3895340,
  "match_date" : "2024-05-12",
  "kick_off" : "20:30:00.000",
  "competition" : {
    "competition_id" : 9,
    "country_name" : "Germany",
    "competition_name" : "1. Bundesliga"
  },
  "season" : {
    "season_id" : 281,
    "season_name" : "2023/2024"
  },
  "home_team" : {
    "home_team_id" : 868,
    "home_team_name" : "Bochum",
    "home_team_gender" : "male",
    "home_team_group" : null,
    "country" : {
      "id" : 85,
      "name" : "Germany"
    },
    "managers" : [ {
      "id" : 4849,
      "name" : "Heiko Butscher",
      "nickname" : null,
      "dob" : "1980-07-28",
      "country" : {
        "id" : 85,
        "name" : "Germany"
      }
    } ]
  },
  "away_team" : {
    "away_team_id" : 904,
    "away_team_name" : "Bayer Leverkusen",
    "away_team_gender" : "male",
    "away_team_group" : null,
    "country" : {
      "id" : 85,
      "name" : "Germany"
    },
    "managers" : [ {
      "id" : 1000310,
      "name" : "Xabier Alonso Olano",
      "nickname" : "Xabi Alonso",
      "dob" : "1981-11-25",
      "country" : {
        "id" : 214,
        "name" : "Spain"
      }
    } ]
  },
  "home_score" : 0,
  "away_score" : 5,
  "match_status" : "available",
  "match_status_360" : "available",
  "last_updated" : "2024-05-14T10:09:25.875345",
  "last_updated_360" : "2024-05-14T16:46:08.459843",
  "metadata" : {
    "data_version" : "1.1.0",
    "shot_fidelity_version" : "2",
    "xy_fidelity_version" : "2"
  },
  "match_week" : 33,
  "competition_stage" : {
    "id" : 1,
    "name" : "Regular Season"
  },
  "stadium" : {
    "id" : 550,
    "name" : "Vonovia Ruhrstadion",
    "country" : {
      "id" : 85,
      "name" : "Germany"
    }
  },
  "referee" : {
    "id" : 235,
    "name" : "Benjamin Brand",
    "country" : {
      "id" : 85,
      "name" : "Germany"
    }
  }
}, {
  "match_id" : 3895348,
  "match_date" : "2024-05-18",
  "kick_off" : "16:30:00.000",
  "competition" : {
    "competition_id" : 9,
    "country_name" : "Germany",
    "competition_name" : "1. Bundesliga"
  },
  "season" : {
    "season_id" : 281,
    "season_name" : "2023/2024"
  },
  "home_team" : {
    "home_team_id" : 904,
    "home_team_name" : "Bayer Leverkusen",
    "home_team_gender" : "male",
    "home_team_group" : null,
    "country" : {
      "id" : 85,
      "name" : "Germany"
    },
    "managers" : [ {
      "id" : 1000310,
      "name" : "Xabier Alonso Olano",
      "nickname" : "Xabi Alonso",
      "dob" : "1981-11-25",
      "country" : {
        "id" : 214,
        "name" : "Spain"
      }
    } ]
  },
  "away_team" : {
    "away_team_id" : 172,
    "away_team_name" : "Augsburg",
    "away_team_gender" : "male",
    "away_team_group" : null,
    "country" : {
      "id" : 85,
      "name" : "Germany"
    },
    "managers" : [ {
      "id" : 13,
      "name" : "Jess Christian Thorup",
      "nickname" : null,
      "dob" : "1970-02-21",
      "country" : {
        "id" : 61,
        "name" : "Denmark"
      }
    } ]
  },
  "home_score" : 2,
  "away_score" : 1,
  "match_status" : "available",
  "match_status_360" : "available",
  "last_updated" : "2024-05-20T10:11:27.857660",
  "last_updated_360" : "2024-05-20T10:33:09.140760",
  "metadata" : {
    "data_version" : "1.1.0",
    "shot_fidelity_version" : "2",
    "xy_fidelity_version" : "2"
  },
  "match_week" : 34,
  "competition_stage" : {
    "id" : 1,
    "name" : "Regular Season"
  },
  "stadium" : {
    "id" : 377,
    "name" : "BayArena",
    "country" : {
      "id" : 85,
      "name" : "Germany"
    }
  },
  "referee" : {
    "id" : 837,
    "name" : "Matthias Jöllenbeck",
    "country" : {
      "id" : 85,
      "name" : "Germany"
    }
  }
}, {
  "match_id" : 3895286,
  "match_date" : "2024-03-30",
  "kick_off" : "16:30:00.000",
  "competition" : {
    "competition_id" : 9,
    "country_name" : "Germany",
    "competition_name" : "1. Bundesliga"
  },
  "season" : {
    "season_id" : 281,
    "season_name" : "2023/2024"
  },
  "home_team" : {
    "home_team_id" : 904,
    "home_team_name" : "Bayer Leverkusen",
    "home_team_gender" : "male",
    "home_team_group" : null,
    "country" : {
      "id" : 85,
      "name" : "Germany"
    },
    "managers" : [ {
      "id" : 1000310,
      "name" : "Xabier Alonso Olano",
      "nickname" : "Xabi Alonso",
      "dob" : "1981-11-25",
      "country" : {
        "id" : 214,
        "name" : "Spain"
      }
    } ]
  },
  "away_team" : {
    "away_team_id" : 175,
    "away_team_name" : "Hoffenheim",
    "away_team_gender" : "male",
    "away_team_group" : null,
    "country" : {
      "id" : 85,
      "name" : "Germany"
    },
    "managers" : [ {
      "id" : 2938,
      "name" : "Pellegrino Matarazzo",
      "nickname" : null,
      "dob" : "1977-11-28",
      "country" : {
        "id" : 241,
        "name" : "United States of America"
      }
    } ]
  },
  "home_score" : 2,
  "away_score" : 1,
  "match_status" : "available",
  "match_status_360" : "available",
  "last_updated" : "2024-05-08T03:31:41.834889",
  "last_updated_360" : "2024-05-08T03:36:21.320065",
  "metadata" : {
    "data_version" : "1.1.0",
    "shot_fidelity_version" : "2",
    "xy_fidelity_version" : "2"
  },
  "match_week" : 27,
  "competition_stage" : {
    "id" : 1,
    "name" : "Regular Season"
  },
  "stadium" : {
    "id" : 377,
    "name" : "BayArena",
    "country" : {
      "id" : 85,
      "name" : "Germany"
    }
  },
  "referee" : {
    "id" : 231,
    "name" : "Deniz Aytekin",
    "country" : {
      "id" : 85,
      "name" : "Germany"
    }
  }
}, {
  "match_id" : 3895220,
  "match_date" : "2024-02-03",
  "kick_off" : "16:30:00.000",
  "competition" : {
    "competition_id" : 9,
    "country_name" : "Germany",
    "competition_name" : "1. Bundesliga"
  },
  "season" : {
    "season_id" : 281,
    "season_name" : "2023/2024"
  },
  "home_team" : {
    "home_team_id" : 872,
    "home_team_name" : "Darmstadt 98",
    "home_team_gender" : "male",
    "home_team_group" : null,
    "country" : {
      "id" : 85,
      "name" : "Germany"
    },
    "managers" : [ {
      "id" : 100,
      "name" : "Torsten Lieberknecht",
      "nickname" : null,
      "dob" : "1973-08-01",
      "country" : {
        "id" : 85,
        "name" : "Germany"
      }
    } ]
  },
  "away_team" : {
    "away_team_id" : 904,
    "away_team_name" : "Bayer Leverkusen",
    "away_team_gender" : "male",
    "away_team_group" : null,
    "country" : {
      "id" : 85,
      "name" : "Germany"
    },
    "managers" : [ {
      "id" : 1000310,
      "name" : "Xabier Alonso Olano",
      "nickname" : "Xabi Alonso",
      "dob" : "1981-11-25",
      "country" : {
        "id" : 214,
        "name" : "Spain"
      }
    } ]
  },
  "home_score" : 0,
  "away_score" : 2,
  "match_status" : "available",
  "match_status_360" : "available",
  "last_updated" : "2024-05-08T01:00:41.665143",
  "last_updated_360" : "2024-05-08T01:01:15.978489",
  "metadata" : {
    "data_version" : "1.1.0",
    "shot_fidelity_version" : "2",
    "xy_fidelity_version" : "2"
  },
  "match_week" : 20,
  "competition_stage" : {
    "id" : 1,
    "name" : "Regular Season"
  },
  "stadium" : {
    "id" : 548,
    "name" : "Merck-Stadion am Böllenfalltor",
    "country" : {
      "id" : 85,
      "name" : "Germany"
    }
  },
  "referee" : {
    "id" : 461,
    "name" : "Tobias Reichel",
    "country" : {
      "id" : 85,
      "name" : "Germany"
    }
  }
}, {
  "match_id" : 3895250,
  "match_date" : "2024-02-23",
  "kick_off" : "21:30:00.000",
  "competition" : {
    "competition_id" : 9,
    "country_name" : "Germany",
    "competition_name" : "1. Bundesliga"
  },
  "season" : {
    "season_id" : 281,
    "season_name" : "2023/2024"
  },
  "home_team" : {
    "home_team_id" : 904,
    "home_team_name" : "Bayer Leverkusen",
    "home_team_gender" : "male",
    "home_team_group" : null,
    "country" : {
      "id" : 85,
      "name" : "Germany"
    },
    "managers" : [ {
      "id" : 1000310,
      "name" : "Xabier Alonso Olano",
      "nickname" : "Xabi Alonso",
      "dob" : "1981-11-25",
      "country" : {
        "id" : 214,
        "name" : "Spain"
      }
    } ]
  },
  "away_team" : {
    "away_team_id" : 177,
    "away_team_name" : "FSV Mainz 05",
    "away_team_gender" : "male",
    "away_team_group" : null,
    "country" : {
      "id" : 85,
      "name" : "Germany"
    },
    "managers" : [ {
      "id" : 310,
      "name" : "Bo Henriksen",
      "nickname" : null,
      "dob" : "1975-02-07",
      "country" : {
        "id" : 61,
        "name" : "Denmark"
      }
    } ]
  },
  "home_score" : 2,
  "away_score" : 1,
  "match_status" : "available",
  "match_status_360" : "available",
  "last_updated" : "2024-05-08T00:36:36.554875",
  "last_updated_360" : "2024-05-08T00:38:33.864825",
  "metadata" : {
    "data_version" : "1.1.0",
    "shot_fidelity_version" : "2",
    "xy_fidelity_version" : "2"
  },
  "match_week" : 23,
  "competition_stage" : {
    "id" : 1,
    "name" : "Regular Season"
  },
  "stadium" : {
    "id" : 377,
    "name" : "BayArena",
    "country" : {
      "id" : 85,
      "name" : "Germany"
    }
  },
  "referee" : {
    "id" : 499,
    "name" : "Timo Gerach",
    "country" : {
      "id" : 85,
      "name" : "Germany"
    }
  }
}, {
  "match_id" : 3895266,
  "match_date" : "2024-03-10",
  "kick_off" : "20:30:00.000",
  "competition" : {
    "competition_id" : 9,
    "country_name" : "Germany",
    "competition_name" : "1. Bundesliga"
  },
  "season" : {
    "season_id" : 281,
    "season_name" : "2023/2024"
  },
  "home_team" : {
    "home_team_id" : 904,
    "home_team_name" : "Bayer Leverkusen",
    "home_team_gender" : "male",
    "home_team_group" : null,
    "country" : {
      "id" : 85,
      "name" : "Germany"
    },
    "managers" : [ {
      "id" : 1000310,
      "name" : "Xabier Alonso Olano",
      "nickname" : "Xabi Alonso",
      "dob" : "1981-11-25",
      "country" : {
        "id" : 214,
        "name" : "Spain"
      }
    } ]
  },
  "away_team" : {
    "away_team_id" : 179,
    "away_team_name" : "Wolfsburg",
    "away_team_gender" : "male",
    "away_team_group" : null,
    "country" : {
      "id" : 85,
      "name" : "Germany"
    },
    "managers" : [ {
      "id" : 374,
      "name" : "Niko Kovač",
      "nickname" : null,
      "dob" : "1971-10-15",
      "country" : {
        "id" : 56,
        "name" : "Croatia"
      }
    } ]
  },
  "home_score" : 2,
  "away_score" : 0,
  "match_status" : "available",
  "match_status_360" : "available",
  "last_updated" : "2024-04-28T10:25:37.774694",
  "last_updated_360" : "2024-04-28T10:29:53.455142",
  "metadata" : {
    "data_version" : "1.1.0",
    "shot_fidelity_version" : "2",
    "xy_fidelity_version" : "2"
  },
  "match_week" : 25,
  "competition_stage" : {
    "id" : 1,
    "name" : "Regular Season"
  },
  "stadium" : {
    "id" : 377,
    "name" : "BayArena",
    "country" : {
      "id" : 85,
      "name" : "Germany"
    }
  },
  "referee" : {
    "id" : 225,
    "name" : "Daniel Siebert",
    "country" : {
      "id" : 85,
      "name" : "Germany"
    }
  }
}, {
  "match_id" : 3895275,
  "match_date" : "2024-03-17",
  "kick_off" : "16:30:00.000",
  "competition" : {
    "competition_id" : 9,
    "country_name" : "Germany",
    "competition_name" : "1. Bundesliga"
  },
  "season" : {
    "season_id" : 281,
    "season_name" : "2023/2024"
  },
  "home_team" : {
    "home_team_id" : 183,
    "home_team_name" : "Freiburg",
    "home_team_gender" : "male",
    "home_team_group" : null,
    "country" : {
      "id" : 85,
      "name" : "Germany"
    },
    "managers" : [ {
      "id" : 47,
      "name" : "Christian Streich",
      "nickname" : null,
      "dob" : "1965-06-11",
      "country" : {
        "id" : 85,
        "name" : "Germany"
      }
    } ]
  },
  "away_team" : {
    "away_team_id" : 904,
    "away_team_name" : "Bayer Leverkusen",
    "away_team_gender" : "male",
    "away_team_group" : null,
    "country" : {
      "id" : 85,
      "name" : "Germany"
    },
    "managers" : [ {
      "id" : 1000310,
      "name" : "Xabier Alonso Olano",
      "nickname" : "Xabi Alonso",
      "dob" : "1981-11-25",
      "country" : {
        "id" : 214,
        "name" : "Spain"
      }
    } ]
  },
  "home_score" : 2,
  "away_score" : 3,
  "match_status" : "available",
  "match_status_360" : "available",
  "last_updated" : "2024-04-19T22:38:04.382030",
  "last_updated_360" : "2024-04-19T22:39:18.935666",
  "metadata" : {
    "data_version" : "1.1.0",
    "shot_fidelity_version" : "2",
    "xy_fidelity_version" : "2"
  },
  "match_week" : 26,
  "competition_stage" : {
    "id" : 1,
    "name" : "Regular Season"
  },
  "stadium" : {
    "id" : 1000498,
    "name" : "Europa-Park Stadion",
    "country" : {
      "id" : 85,
      "name" : "Germany"
    }
  },
  "referee" : {
    "id" : 234,
    "name" : "Harm Osmers",
    "country" : {
      "id" : 85,
      "name" : "Germany"
    }
  }
}, {
  "match_id" : 3895180,
  "match_date" : "2023-12-17",
  "kick_off" : "18:30:00.000",
  "competition" : {
    "competition_id" : 9,
    "country_name" : "Germany",
    "competition_name" : "1. Bundesliga"
  },
  "season" : {
    "season_id" : 281,
    "season_name" : "2023/2024"
  },
  "home_team" : {
    "home_team_id" : 904,
    "home_team_name" : "Bayer Leverkusen",
    "home_team_gender" : "male",
    "home_team_group" : null,
    "country" : {
      "id" : 85,
      "name" : "Germany"
    },
    "managers" : [ {
      "id" : 1000310,
      "name" : "Xabier Alonso Olano",
      "nickname" : "Xabi Alonso",
      "dob" : "1981-11-25",
      "country" : {
        "id" : 214,
        "name" : "Spain"
      }
    } ]
  },
  "away_team" : {
    "away_team_id" : 184,
    "away_team_name" : "Eintracht Frankfurt",
    "away_team_gender" : "male",
    "away_team_group" : null,
    "country" : {
      "id" : 85,
      "name" : "Germany"
    },
    "managers" : [ {
      "id" : 704,
      "name" : "Dino Toppmöller",
      "nickname" : null,
      "dob" : "1980-11-23",
      "country" : {
        "id" : 85,
        "name" : "Germany"
      }
    } ]
  },
  "home_score" : 3,
  "away_score" : 0,
  "match_status" : "available",
  "match_status_360" : "available",
  "last_updated" : "2024-03-31T20:55:24.255918",
  "last_updated_360" : "2024-03-31T21:08:00.046656",
  "metadata" : {
    "data_version" : "1.1.0",
    "shot_fidelity_version" : "2",
    "xy_fidelity_version" : "2"
  },
  "match_week" : 15,
  "competition_stage" : {
    "id" : 1,
    "name" : "Regular Season"
  },
  "stadium" : {
    "id" : 377,
    "name" : "BayArena",
    "country" : {
      "id" : 85,
      "name" : "Germany"
    }
  },
  "referee" : {
    "id" : 237,
    "name" : "Christian Dingert",
    "country" : {
      "id" : 85,
      "name" : "Germany"
    }
  }
}, {
  "match_id" : 3895134,
  "match_date" : "2023-11-04",
  "kick_off" : "16:30:00.000",
  "competition" : {
    "competition_id" : 9,
    "country_name" : "Germany",
    "competition_name" : "1. Bundesliga"
  },
  "season" : {
    "season_id" : 281,
    "season_name" : "2023/2024"
  },
  "home_team" : {
    "home_team_id" : 175,
    "home_team_name" : "Hoffenheim",
    "home_team_gender" : "male",
    "home_team_group" : null,
    "country" : {
      "id" : 85,
      "name" : "Germany"
    },
    "managers" : [ {
      "id" : 2938,
      "name" : "Pellegrino Matarazzo",
      "nickname" : null,
      "dob" : "1977-11-28",
      "country" : {
        "id" : 241,
        "name" : "United States of America"
      }
    } ]
  },
  "away_team" : {
    "away_team_id" : 904,
    "away_team_name" : "Bayer Leverkusen",
    "away_team_gender" : "male",
    "away_team_group" : null,
    "country" : {
      "id" : 85,
      "name" : "Germany"
    },
    "managers" : [ {
      "id" : 1000310,
      "name" : "Xabier Alonso Olano",
      "nickname" : "Xabi Alonso",
      "dob" : "1981-11-25",
      "country" : {
        "id" : 214,
        "name" : "Spain"
      }
    } ]
  },
  "home_score" : 2,
  "away_score" : 3,
  "match_status" : "available",
  "match_status_360" : "available",
  "last_updated" : "2024-02-07T13:46:18.768485",
  "last_updated_360" : "2024-02-07T13:51:13.679007",
  "metadata" : {
    "data_version" : "1.1.0",
    "shot_fidelity_version" : "2",
    "xy_fidelity_version" : "2"
  },
  "match_week" : 10,
  "competition_stage" : {
    "id" : 1,
    "name" : "Regular Season"
  },
  "stadium" : {
    "id" : 4541,
    "name" : "PreZero Arena",
    "country" : {
      "id" : 85,
      "name" : "Germany"
    }
  },
  "referee" : {
    "id" : 243,
    "name" : "Frank Willenborg",
    "country" : {
      "id" : 85,
      "name" : "Germany"
    }
  }
}, {
  "match_id" : 3895121,
  "match_date" : "2023-10-29",
  "kick_off" : "18:30:00.000",
  "competition" : {
    "competition_id" : 9,
    "country_name" : "Germany",
    "competition_name" : "1. Bundesliga"
  },
  "season" : {
    "season_id" : 281,
    "season_name" : "2023/2024"
  },
  "home_team" : {
    "home_team_id" : 904,
    "home_team_name" : "Bayer Leverkusen",
    "home_team_gender" : "male",
    "home_team_group" : null,
    "country" : {
      "id" : 85,
      "name" : "Germany"
    },
    "managers" : [ {
      "id" : 1000310,
      "name" : "Xabier Alonso Olano",
      "nickname" : "Xabi Alonso",
      "dob" : "1981-11-25",
      "country" : {
        "id" : 214,
        "name" : "Spain"
      }
    } ]
  },
  "away_team" : {
    "away_team_id" : 183,
    "away_team_name" : "Freiburg",
    "away_team_gender" : "male",
    "away_team_group" : null,
    "country" : {
      "id" : 85,
      "name" : "Germany"
    },
    "managers" : [ {
      "id" : 47,
      "name" : "Christian Streich",
      "nickname" : null,
      "dob" : "1965-06-11",
      "country" : {
        "id" : 85,
        "name" : "Germany"
      }
    } ]
  },
  "home_score" : 2,
  "away_score" : 1,
  "match_status" : "available",
  "match_status_360" : "available",
  "last_updated" : "2023-11-20T00:14:35.480458",
  "last_updated_360" : "2023-11-22T05:11:07.603363",
  "metadata" : {
    "data_version" : "1.1.0",
    "shot_fidelity_version" : "2",
    "xy_fidelity_version" : "2"
  },
  "match_week" : 9,
  "competition_stage" : {
    "id" : 1,
    "name" : "Regular Season"
  },
  "stadium" : {
    "id" : 377,
    "name" : "BayArena",
    "country" : {
      "id" : 85,
      "name" : "Germany"
    }
  },
  "referee" : {
    "id" : 225,
    "name" : "Daniel Siebert",
    "country" : {
      "id" : 85,
      "name" : "Germany"
    }
  }
}, {
  "match_id" : 3895107,
  "match_date" : "2023-10-08",
  "kick_off" : "16:30:00.000",
  "competition" : {
    "competition_id" : 9,
    "country_name" : "Germany",
    "competition_name" : "1. Bundesliga"
  },
  "season" : {
    "season_id" : 281,
    "season_name" : "2023/2024"
  },
  "home_team" : {
    "home_team_id" : 904,
    "home_team_name" : "Bayer Leverkusen",
    "home_team_gender" : "male",
    "home_team_group" : null,
    "country" : {
      "id" : 85,
      "name" : "Germany"
    },
    "managers" : [ {
      "id" : 1000310,
      "name" : "Xabier Alonso Olano",
      "nickname" : "Xabi Alonso",
      "dob" : "1981-11-25",
      "country" : {
        "id" : 214,
        "name" : "Spain"
      }
    } ]
  },
  "away_team" : {
    "away_team_id" : 186,
    "away_team_name" : "FC Köln",
    "away_team_gender" : "male",
    "away_team_group" : null,
    "country" : {
      "id" : 85,
      "name" : "Germany"
    },
    "managers" : [ {
      "id" : 104,
      "name" : "Steffen Baumgart",
      "nickname" : null,
      "dob" : "1972-01-05",
      "country" : {
        "id" : 85,
        "name" : "Germany"
      }
    } ]
  },
  "home_score" : 3,
  "away_score" : 0,
  "match_status" : "available",
  "match_status_360" : "available",
  "last_updated" : "2023-12-16T16:55:06.121615",
  "last_updated_360" : "2024-01-06T10:35:32.456060",
  "metadata" : {
    "data_version" : "1.1.0",
    "shot_fidelity_version" : "2",
    "xy_fidelity_version" : "2"
  },
  "match_week" : 7,
  "competition_stage" : {
    "id" : 1,
    "name" : "Regular Season"
  },
  "stadium" : {
    "id" : 377,
    "name" : "BayArena",
    "country" : {
      "id" : 85,
      "name" : "Germany"
    }
  },
  "referee" : {
    "id" : 241,
    "name" : "Felix Zwayer",
    "country" : {
      "id" : 85,
      "name" : "Germany"
    }
  }
}, {
  "match_id" : 3895074,
  "match_date" : "2023-09-15",
  "kick_off" : "21:30:00.000",
  "competition" : {
    "competition_id" : 9,
    "country_name" : "Germany",
    "competition_name" : "1. Bundesliga"
  },
  "season" : {
    "season_id" : 281,
    "season_name" : "2023/2024"
  },
  "home_team" : {
    "home_team_id" : 169,
    "home_team_name" : "Bayern Munich",
    "home_team_gender" : "male",
    "home_team_group" : null,
    "country" : {
      "id" : 85,
      "name" : "Germany"
    },
    "managers" : [ {
      "id" : 279,
      "name" : "Thomas Tuchel",
      "nickname" : null,
      "dob" : "1973-08-29",
      "country" : {
        "id" : 85,
        "name" : "Germany"
      }
    } ]
  },
  "away_team" : {
    "away_team_id" : 904,
    "away_team_name" : "Bayer Leverkusen",
    "away_team_gender" : "male",
    "away_team_group" : null,
    "country" : {
      "id" : 85,
      "name" : "Germany"
    },
    "managers" : [ {
      "id" : 1000310,
      "name" : "Xabier Alonso Olano",
      "nickname" : "Xabi Alonso",
      "dob" : "1981-11-25",
      "country" : {
        "id" : 214,
        "name" : "Spain"
      }
    } ]
  },
  "home_score" : 2,
  "away_score" : 2,
  "match_status" : "available",
  "match_status_360" : "available",
  "last_updated" : "2024-01-26T03:48:06.638612",
  "last_updated_360" : "2024-01-26T03:49:07.013902",
  "metadata" : {
    "data_version" : "1.1.0",
    "shot_fidelity_version" : "2",
    "xy_fidelity_version" : "2"
  },
  "match_week" : 4,
  "competition_stage" : {
    "id" : 1,
    "name" : "Regular Season"
  },
  "stadium" : {
    "id" : 4867,
    "name" : "Allianz Arena",
    "country" : {
      "id" : 85,
      "name" : "Germany"
    }
  },
  "referee" : {
    "id" : 405,
    "name" : "Daniel Schlager",
    "country" : {
      "id" : 85,
      "name" : "Germany"
    }
  }
}, {
  "match_id" : 3895139,
  "match_date" : "2023-11-12",
  "kick_off" : "16:30:00.000",
  "competition" : {
    "competition_id" : 9,
    "country_name" : "Germany",
    "competition_name" : "1. Bundesliga"
  },
  "season" : {
    "season_id" : 281,
    "season_name" : "2023/2024"
  },
  "home_team" : {
    "home_team_id" : 904,
    "home_team_name" : "Bayer Leverkusen",
    "home_team_gender" : "male",
    "home_team_group" : null,
    "country" : {
      "id" : 85,
      "name" : "Germany"
    },
    "managers" : [ {
      "id" : 1000310,
      "name" : "Xabier Alonso Olano",
      "nickname" : "Xabi Alonso",
      "dob" : "1981-11-25",
      "country" : {
        "id" : 214,
        "name" : "Spain"
      }
    } ]
  },
  "away_team" : {
    "away_team_id" : 190,
    "away_team_name" : "Union Berlin",
    "away_team_gender" : "male",
    "away_team_group" : null,
    "country" : {
      "id" : 85,
      "name" : "Germany"
    },
    "managers" : [ {
      "id" : 105,
      "name" : "Urs Fischer",
      "nickname" : null,
      "dob" : "1966-02-20",
      "country" : {
        "id" : 221,
        "name" : "Switzerland"
      }
    } ]
  },
  "home_score" : 4,
  "away_score" : 0,
  "match_status" : "available",
  "match_status_360" : "available",
  "last_updated" : "2024-01-30T20:40:45.394341",
  "last_updated_360" : "2024-01-30T20:45:30.579373",
  "metadata" : {
    "data_version" : "1.1.0",
    "shot_fidelity_version" : "2",
    "xy_fidelity_version" : "2"
  },
  "match_week" : 11,
  "competition_stage" : {
    "id" : 1,
    "name" : "Regular Season"
  },
  "stadium" : {
    "id" : 377,
    "name" : "BayArena",
    "country" : {
      "id" : 85,
      "name" : "Germany"
    }
  },
  "referee" : {
    "id" : 499,
    "name" : "Timo Gerach",
    "country" : {
      "id" : 85,
      "name" : "Germany"
    }
  }
}, {
  "match_id" : 3895086,
  "match_date" : "2023-09-24",
  "kick_off" : "16:30:00.000",
  "competition" : {
    "competition_id" : 9,
    "country_name" : "Germany",
    "competition_name" : "1. Bundesliga"
  },
  "season" : {
    "season_id" : 281,
    "season_name" : "2023/2024"
  },
  "home_team" : {
    "home_team_id" : 904,
    "home_team_name" : "Bayer Leverkusen",
    "home_team_gender" : "male",
    "home_team_group" : null,
    "country" : {
      "id" : 85,
      "name" : "Germany"
    },
    "managers" : [ {
      "id" : 1000310,
      "name" : "Xabier Alonso Olano",
      "nickname" : "Xabi Alonso",
      "dob" : "1981-11-25",
      "country" : {
        "id" : 214,
        "name" : "Spain"
      }
    } ]
  },
  "away_team" : {
    "away_team_id" : 201,
    "away_team_name" : "FC Heidenheim",
    "away_team_gender" : "male",
    "away_team_group" : null,
    "country" : {
      "id" : 85,
      "name" : "Germany"
    },
    "managers" : [ {
      "id" : 108,
      "name" : "Frank Schmidt",
      "nickname" : null,
      "dob" : "1974-01-03",
      "country" : {
        "id" : 85,
        "name" : "Germany"
      }
    } ]
  },
  "home_score" : 4,
  "away_score" : 1,
  "match_status" : "available",
  "match_status_360" : "available",
  "last_updated" : "2023-11-06T06:22:39.809526",
  "last_updated_360" : "2024-01-01T09:52:59.525330",
  "metadata" : {
    "data_version" : "1.1.0",
    "shot_fidelity_version" : "2",
    "xy_fidelity_version" : "2"
  },
  "match_week" : 5,
  "competition_stage" : {
    "id" : 1,
    "name" : "Regular Season"
  },
  "stadium" : {
    "id" : 377,
    "name" : "BayArena",
    "country" : {
      "id" : 85,
      "name" : "Germany"
    }
  },
  "referee" : {
    "id" : 237,
    "name" : "Christian Dingert",
    "country" : {
      "id" : 85,
      "name" : "Germany"
    }
  }
}, {
  "match_id" : 3895320,
  "match_date" : "2024-04-27",
  "kick_off" : "19:30:00.000",
  "competition" : {
    "competition_id" : 9,
    "country_name" : "Germany",
    "competition_name" : "1. Bundesliga"
  },
  "season" : {
    "season_id" : 281,
    "season_name" : "2023/2024"
  },
  "home_team" : {
    "home_team_id" : 904,
    "home_team_name" : "Bayer Leverkusen",
    "home_team_gender" : "male",
    "home_team_group" : null,
    "country" : {
      "id" : 85,
      "name" : "Germany"
    },
    "managers" : [ {
      "id" : 1000310,
      "name" : "Xabier Alonso Olano",
      "nickname" : "Xabi Alonso",
      "dob" : "1981-11-25",
      "country" : {
        "id" : 214,
        "name" : "Spain"
      }
    } ]
  },
  "away_team" : {
    "away_team_id" : 174,
    "away_team_name" : "VfB Stuttgart",
    "away_team_gender" : "male",
    "away_team_group" : null,
    "country" : {
      "id" : 85,
      "name" : "Germany"
    },
    "managers" : [ {
      "id" : 5213,
      "name" : "Sebastian Hoeneß",
      "nickname" : null,
      "dob" : "1982-05-12",
      "country" : {
        "id" : 85,
        "name" : "Germany"
      }
    } ]
  },
  "home_score" : 2,
  "away_score" : 2,
  "match_status" : "available",
  "match_status_360" : "available",
  "last_updated" : "2024-05-13T17:30:42.626289",
  "last_updated_360" : "2024-05-13T17:38:39.789677",
  "metadata" : {
    "data_version" : "1.1.0",
    "shot_fidelity_version" : "2",
    "xy_fidelity_version" : "2"
  },
  "match_week" : 31,
  "competition_stage" : {
    "id" : 1,
    "name" : "Regular Season"
  },
  "stadium" : {
    "id" : 377,
    "name" : "BayArena",
    "country" : {
      "id" : 85,
      "name" : "Germany"
    }
  },
  "referee" : {
    "id" : 241,
    "name" : "Felix Zwayer",
    "country" : {
      "id" : 85,
      "name" : "Germany"
    }
  }
}, {
  "match_id" : 3895309,
  "match_date" : "2024-04-21",
  "kick_off" : "17:30:00.000",
  "competition" : {
    "competition_id" : 9,
    "country_name" : "Germany",
    "competition_name" : "1. Bundesliga"
  },
  "season" : {
    "season_id" : 281,
    "season_name" : "2023/2024"
  },
  "home_team" : {
    "home_team_id" : 180,
    "home_team_name" : "Borussia Dortmund",
    "home_team_gender" : "male",
    "home_team_group" : null,
    "country" : {
      "id" : 85,
      "name" : "Germany"
    },
    "managers" : [ {
      "id" : 5531,
      "name" : "Edin Terzić",
      "nickname" : null,
      "dob" : "1982-10-30",
      "country" : {
        "id" : 85,
        "name" : "Germany"
      }
    } ]
  },
  "away_team" : {
    "away_team_id" : 904,
    "away_team_name" : "Bayer Leverkusen",
    "away_team_gender" : "male",
    "away_team_group" : null,
    "country" : {
      "id" : 85,
      "name" : "Germany"
    },
    "managers" : [ {
      "id" : 1000310,
      "name" : "Xabier Alonso Olano",
      "nickname" : "Xabi Alonso",
      "dob" : "1981-11-25",
      "country" : {
        "id" : 214,
        "name" : "Spain"
      }
    } ]
  },
  "home_score" : 1,
  "away_score" : 1,
  "match_status" : "available",
  "match_status_360" : "available",
  "last_updated" : "2024-05-10T14:35:19.321055",
  "last_updated_360" : "2024-05-10T14:39:35.216574",
  "metadata" : {
    "data_version" : "1.1.0",
    "shot_fidelity_version" : "2",
    "xy_fidelity_version" : "2"
  },
  "match_week" : 30,
  "competition_stage" : {
    "id" : 1,
    "name" : "Regular Season"
  },
  "stadium" : {
    "id" : 373,
    "name" : "Signal-Iduna-Park",
    "country" : {
      "id" : 85,
      "name" : "Germany"
    }
  },
  "referee" : {
    "id" : 225,
    "name" : "Daniel Siebert",
    "country" : {
      "id" : 85,
      "name" : "Germany"
    }
  }
}, {
  "match_id" : 3895258,
  "match_date" : "2024-03-03",
  "kick_off" : "16:30:00.000",
  "competition" : {
    "competition_id" : 9,
    "country_name" : "Germany",
    "competition_name" : "1. Bundesliga"
  },
  "season" : {
    "season_id" : 281,
    "season_name" : "2023/2024"
  },
  "home_team" : {
    "home_team_id" : 186,
    "home_team_name" : "FC Köln",
    "home_team_gender" : "male",
    "home_team_group" : null,
    "country" : {
      "id" : 85,
      "name" : "Germany"
    },
    "managers" : [ {
      "id" : 5220,
      "name" : "Timo Schultz",
      "nickname" : null,
      "dob" : "1977-08-26",
      "country" : {
        "id" : 85,
        "name" : "Germany"
      }
    } ]
  },
  "away_team" : {
    "away_team_id" : 904,
    "away_team_name" : "Bayer Leverkusen",
    "away_team_gender" : "male",
    "away_team_group" : null,
    "country" : {
      "id" : 85,
      "name" : "Germany"
    },
    "managers" : [ {
      "id" : 1000310,
      "name" : "Xabier Alonso Olano",
      "nickname" : "Xabi Alonso",
      "dob" : "1981-11-25",
      "country" : {
        "id" : 214,
        "name" : "Spain"
      }
    } ]
  },
  "home_score" : 0,
  "away_score" : 2,
  "match_status" : "available",
  "match_status_360" : "available",
  "last_updated" : "2024-05-08T03:29:58.790941",
  "last_updated_360" : "2024-05-08T03:35:25.921876",
  "metadata" : {
    "data_version" : "1.1.0",
    "shot_fidelity_version" : "2",
    "xy_fidelity_version" : "2"
  },
  "match_week" : 24,
  "competition_stage" : {
    "id" : 1,
    "name" : "Regular Season"
  },
  "stadium" : {
    "id" : 363,
    "name" : "RheinEnergieStadion",
    "country" : {
      "id" : 85,
      "name" : "Germany"
    }
  },
  "referee" : {
    "id" : 229,
    "name" : "Tobias Stieler",
    "country" : {
      "id" : 85,
      "name" : "Germany"
    }
  }
}, {
  "match_id" : 3895244,
  "match_date" : "2024-02-17",
  "kick_off" : "16:30:00.000",
  "competition" : {
    "competition_id" : 9,
    "country_name" : "Germany",
    "competition_name" : "1. Bundesliga"
  },
  "season" : {
    "season_id" : 281,
    "season_name" : "2023/2024"
  },
  "home_team" : {
    "home_team_id" : 201,
    "home_team_name" : "FC Heidenheim",
    "home_team_gender" : "male",
    "home_team_group" : null,
    "country" : {
      "id" : 85,
      "name" : "Germany"
    },
    "managers" : [ {
      "id" : 108,
      "name" : "Frank Schmidt",
      "nickname" : null,
      "dob" : "1974-01-03",
      "country" : {
        "id" : 85,
        "name" : "Germany"
      }
    } ]
  },
  "away_team" : {
    "away_team_id" : 904,
    "away_team_name" : "Bayer Leverkusen",
    "away_team_gender" : "male",
    "away_team_group" : null,
    "country" : {
      "id" : 85,
      "name" : "Germany"
    },
    "managers" : [ {
      "id" : 1000310,
      "name" : "Xabier Alonso Olano",
      "nickname" : "Xabi Alonso",
      "dob" : "1981-11-25",
      "country" : {
        "id" : 214,
        "name" : "Spain"
      }
    } ]
  },
  "home_score" : 1,
  "away_score" : 2,
  "match_status" : "available",
  "match_status_360" : "available",
  "last_updated" : "2024-04-23T00:14:53.469101",
  "last_updated_360" : "2024-04-23T00:19:29.644221",
  "metadata" : {
    "data_version" : "1.1.0",
    "shot_fidelity_version" : "2",
    "xy_fidelity_version" : "2"
  },
  "match_week" : 22,
  "competition_stage" : {
    "id" : 1,
    "name" : "Regular Season"
  },
  "stadium" : {
    "id" : 562,
    "name" : "Voith-Arena",
    "country" : {
      "id" : 85,
      "name" : "Germany"
    }
  },
  "referee" : {
    "id" : 234,
    "name" : "Harm Osmers",
    "country" : {
      "id" : 85,
      "name" : "Germany"
    }
  }
}, {
  "match_id" : 3895232,
  "match_date" : "2024-02-10",
  "kick_off" : "19:30:00.000",
  "competition" : {
    "competition_id" : 9,
    "country_name" : "Germany",
    "competition_name" : "1. Bundesliga"
  },
  "season" : {
    "season_id" : 281,
    "season_name" : "2023/2024"
  },
  "home_team" : {
    "home_team_id" : 904,
    "home_team_name" : "Bayer Leverkusen",
    "home_team_gender" : "male",
    "home_team_group" : null,
    "country" : {
      "id" : 85,
      "name" : "Germany"
    },
    "managers" : [ {
      "id" : 1000310,
      "name" : "Xabier Alonso Olano",
      "nickname" : "Xabi Alonso",
      "dob" : "1981-11-25",
      "country" : {
        "id" : 214,
        "name" : "Spain"
      }
    } ]
  },
  "away_team" : {
    "away_team_id" : 169,
    "away_team_name" : "Bayern Munich",
    "away_team_gender" : "male",
    "away_team_group" : null,
    "country" : {
      "id" : 85,
      "name" : "Germany"
    },
    "managers" : [ {
      "id" : 279,
      "name" : "Thomas Tuchel",
      "nickname" : null,
      "dob" : "1973-08-29",
      "country" : {
        "id" : 85,
        "name" : "Germany"
      }
    } ]
  },
  "home_score" : 3,
  "away_score" : 0,
  "match_status" : "available",
  "match_status_360" : "available",
  "last_updated" : "2024-05-07T19:31:47.936488",
  "last_updated_360" : "2024-05-07T19:36:17.578845",
  "metadata" : {
    "data_version" : "1.1.0",
    "shot_fidelity_version" : "2",
    "xy_fidelity_version" : "2"
  },
  "match_week" : 21,
  "competition_stage" : {
    "id" : 1,
    "name" : "Regular Season"
  },
  "stadium" : {
    "id" : 377,
    "name" : "BayArena",
    "country" : {
      "id" : 85,
      "name" : "Germany"
    }
  },
  "referee" : {
    "id" : 241,
    "name" : "Felix Zwayer",
    "country" : {
      "id" : 85,
      "name" : "Germany"
    }
  }
}, {
  "match_id" : 3895210,
  "match_date" : "2024-01-27",
  "kick_off" : "19:30:00.000",
  "competition" : {
    "competition_id" : 9,
    "country_name" : "Germany",
    "competition_name" : "1. Bundesliga"
  },
  "season" : {
    "season_id" : 281,
    "season_name" : "2023/2024"
  },
  "home_team" : {
    "home_team_id" : 904,
    "home_team_name" : "Bayer Leverkusen",
    "home_team_gender" : "male",
    "home_team_group" : null,
    "country" : {
      "id" : 85,
      "name" : "Germany"
    },
    "managers" : [ {
      "id" : 1000310,
      "name" : "Xabier Alonso Olano",
      "nickname" : "Xabi Alonso",
      "dob" : "1981-11-25",
      "country" : {
        "id" : 214,
        "name" : "Spain"
      }
    } ]
  },
  "away_team" : {
    "away_team_id" : 185,
    "away_team_name" : "Borussia Mönchengladbach",
    "away_team_gender" : "male",
    "away_team_group" : null,
    "country" : {
      "id" : 85,
      "name" : "Germany"
    },
    "managers" : [ {
      "id" : 732,
      "name" : "Gerardo Seoane Castro",
      "nickname" : "Gerardo Seoane",
      "dob" : "1978-10-30",
      "country" : {
        "id" : 221,
        "name" : "Switzerland"
      }
    } ]
  },
  "home_score" : 0,
  "away_score" : 0,
  "match_status" : "available",
  "match_status_360" : "available",
  "last_updated" : "2024-04-28T11:11:33.692621",
  "last_updated_360" : "2024-04-28T11:15:03.792111",
  "metadata" : {
    "data_version" : "1.1.0",
    "shot_fidelity_version" : "2",
    "xy_fidelity_version" : "2"
  },
  "match_week" : 19,
  "competition_stage" : {
    "id" : 1,
    "name" : "Regular Season"
  },
  "stadium" : {
    "id" : 377,
    "name" : "BayArena",
    "country" : {
      "id" : 85,
      "name" : "Germany"
    }
  },
  "referee" : {
    "id" : 231,
    "name" : "Deniz Aytekin",
    "country" : {
      "id" : 85,
      "name" : "Germany"
    }
  }
}, {
  "match_id" : 3895202,
  "match_date" : "2024-01-20",
  "kick_off" : "19:30:00.000",
  "competition" : {
    "competition_id" : 9,
    "country_name" : "Germany",
    "competition_name" : "1. Bundesliga"
  },
  "season" : {
    "season_id" : 281,
    "season_name" : "2023/2024"
  },
  "home_team" : {
    "home_team_id" : 182,
    "home_team_name" : "RB Leipzig",
    "home_team_gender" : "male",
    "home_team_group" : null,
    "country" : {
      "id" : 85,
      "name" : "Germany"
    },
    "managers" : [ {
      "id" : 496,
      "name" : "Marco Rose",
      "nickname" : null,
      "dob" : "1976-09-11",
      "country" : {
        "id" : 85,
        "name" : "Germany"
      }
    } ]
  },
  "away_team" : {
    "away_team_id" : 904,
    "away_team_name" : "Bayer Leverkusen",
    "away_team_gender" : "male",
    "away_team_group" : null,
    "country" : {
      "id" : 85,
      "name" : "Germany"
    },
    "managers" : [ {
      "id" : 1000310,
      "name" : "Xabier Alonso Olano",
      "nickname" : "Xabi Alonso",
      "dob" : "1981-11-25",
      "country" : {
        "id" : 214,
        "name" : "Spain"
      }
    } ]
  },
  "home_score" : 2,
  "away_score" : 3,
  "match_status" : "available",
  "match_status_360" : "available",
  "last_updated" : "2024-02-23T07:15:11.034109",
  "last_updated_360" : "2024-03-24T11:04:42.281656",
  "metadata" : {
    "data_version" : "1.1.0",
    "shot_fidelity_version" : "2",
    "xy_fidelity_version" : "2"
  },
  "match_week" : 18,
  "competition_stage" : {
    "id" : 1,
    "name" : "Regular Season"
  },
  "stadium" : {
    "id" : 376,
    "name" : "Red Bull Arena",
    "country" : {
      "id" : 85,
      "name" : "Germany"
    }
  },
  "referee" : {
    "id" : 837,
    "name" : "Matthias Jöllenbeck",
    "country" : {
      "id" : 85,
      "name" : "Germany"
    }
  }
}, {
  "match_id" : 3895194,
  "match_date" : "2024-01-13",
  "kick_off" : "16:30:00.000",
  "competition" : {
    "competition_id" : 9,
    "country_name" : "Germany",
    "competition_name" : "1. Bundesliga"
  },
  "season" : {
    "season_id" : 281,
    "season_name" : "2023/2024"
  },
  "home_team" : {
    "home_team_id" : 172,
    "home_team_name" : "Augsburg",
    "home_team_gender" : "male",
    "home_team_group" : null,
    "country" : {
      "id" : 85,
      "name" : "Germany"
    },
    "managers" : [ {
      "id" : 13,
      "name" : "Jess Christian Thorup",
      "nickname" : null,
      "dob" : "1970-02-21",
      "country" : {
        "id" : 61,
        "name" : "Denmark"
      }
    } ]
  },
  "away_team" : {
    "away_team_id" : 904,
    "away_team_name" : "Bayer Leverkusen",
    "away_team_gender" : "male",
    "away_team_group" : null,
    "country" : {
      "id" : 85,
      "name" : "Germany"
    },
    "managers" : [ {
      "id" : 1000310,
      "name" : "Xabier Alonso Olano",
      "nickname" : "Xabi Alonso",
      "dob" : "1981-11-25",
      "country" : {
        "id" : 214,
        "name" : "Spain"
      }
    } ]
  },
  "home_score" : 0,
  "away_score" : 1,
  "match_status" : "available",
  "match_status_360" : "available",
  "last_updated" : "2024-02-10T21:49:28.277047",
  "last_updated_360" : "2024-02-28T13:48:13.756779",
  "metadata" : {
    "data_version" : "1.1.0",
    "shot_fidelity_version" : "2",
    "xy_fidelity_version" : "2"
  },
  "match_week" : 17,
  "competition_stage" : {
    "id" : 1,
    "name" : "Regular Season"
  },
  "stadium" : {
    "id" : 366,
    "name" : "WWK Arena",
    "country" : {
      "id" : 85,
      "name" : "Germany"
    }
  },
  "referee" : {
    "id" : 246,
    "name" : "Sven Jablonski",
    "country" : {
      "id" : 85,
      "name" : "Germany"
    }
  }
}, {
  "match_id" : 3895182,
  "match_date" : "2023-12-20",
  "kick_off" : "21:30:00.000",
  "competition" : {
    "competition_id" : 9,
    "country_name" : "Germany",
    "competition_name" : "1. Bundesliga"
  },
  "season" : {
    "season_id" : 281,
    "season_name" : "2023/2024"
  },
  "home_team" : {
    "home_team_id" : 904,
    "home_team_name" : "Bayer Leverkusen",
    "home_team_gender" : "male",
    "home_team_group" : null,
    "country" : {
      "id" : 85,
      "name" : "Germany"
    },
    "managers" : [ {
      "id" : 1000310,
      "name" : "Xabier Alonso Olano",
      "nickname" : "Xabi Alonso",
      "dob" : "1981-11-25",
      "country" : {
        "id" : 214,
        "name" : "Spain"
      }
    } ]
  },
  "away_team" : {
    "away_team_id" : 868,
    "away_team_name" : "Bochum",
    "away_team_gender" : "male",
    "away_team_group" : null,
    "country" : {
      "id" : 85,
      "name" : "Germany"
    },
    "managers" : [ {
      "id" : 574,
      "name" : "Thomas Letsch",
      "nickname" : null,
      "dob" : "1968-08-26",
      "country" : {
        "id" : 85,
        "name" : "Germany"
      }
    } ]
  },
  "home_score" : 4,
  "away_score" : 0,
  "match_status" : "available",
  "match_status_360" : "available",
  "last_updated" : "2024-02-23T06:51:13.952962",
  "last_updated_360" : "2024-03-27T11:25:34.494440",
  "metadata" : {
    "data_version" : "1.1.0",
    "shot_fidelity_version" : "2",
    "xy_fidelity_version" : "2"
  },
  "match_week" : 16,
  "competition_stage" : {
    "id" : 1,
    "name" : "Regular Season"
  },
  "stadium" : {
    "id" : 377,
    "name" : "BayArena",
    "country" : {
      "id" : 85,
      "name" : "Germany"
    }
  },
  "referee" : {
    "id" : 405,
    "name" : "Daniel Schlager",
    "country" : {
      "id" : 85,
      "name" : "Germany"
    }
  }
}, {
  "match_id" : 3895167,
  "match_date" : "2023-12-10",
  "kick_off" : "16:30:00.000",
  "competition" : {
    "competition_id" : 9,
    "country_name" : "Germany",
    "competition_name" : "1. Bundesliga"
  },
  "season" : {
    "season_id" : 281,
    "season_name" : "2023/2024"
  },
  "home_team" : {
    "home_team_id" : 174,
    "home_team_name" : "VfB Stuttgart",
    "home_team_gender" : "male",
    "home_team_group" : null,
    "country" : {
      "id" : 85,
      "name" : "Germany"
    },
    "managers" : [ {
      "id" : 5213,
      "name" : "Sebastian Hoeneß",
      "nickname" : null,
      "dob" : "1982-05-12",
      "country" : {
        "id" : 85,
        "name" : "Germany"
      }
    } ]
  },
  "away_team" : {
    "away_team_id" : 904,
    "away_team_name" : "Bayer Leverkusen",
    "away_team_gender" : "male",
    "away_team_group" : null,
    "country" : {
      "id" : 85,
      "name" : "Germany"
    },
    "managers" : [ {
      "id" : 1000310,
      "name" : "Xabier Alonso Olano",
      "nickname" : "Xabi Alonso",
      "dob" : "1981-11-25",
      "country" : {
        "id" : 214,
        "name" : "Spain"
      }
    } ]
  },
  "home_score" : 1,
  "away_score" : 1,
  "match_status" : "available",
  "match_status_360" : "available",
  "last_updated" : "2024-01-04T18:37:25.701451",
  "last_updated_360" : "2024-03-26T08:09:25.818281",
  "metadata" : {
    "data_version" : "1.1.0",
    "shot_fidelity_version" : "2",
    "xy_fidelity_version" : "2"
  },
  "match_week" : 14,
  "competition_stage" : {
    "id" : 1,
    "name" : "Regular Season"
  },
  "stadium" : {
    "id" : 369,
    "name" : "MHPArena",
    "country" : {
      "id" : 85,
      "name" : "Germany"
    }
  },
  "referee" : {
    "id" : 231,
    "name" : "Deniz Aytekin",
    "country" : {
      "id" : 85,
      "name" : "Germany"
    }
  }
}, {
  "match_id" : 3895158,
  "match_date" : "2023-12-03",
  "kick_off" : "18:30:00.000",
  "competition" : {
    "competition_id" : 9,
    "country_name" : "Germany",
    "competition_name" : "1. Bundesliga"
  },
  "season" : {
    "season_id" : 281,
    "season_name" : "2023/2024"
  },
  "home_team" : {
    "home_team_id" : 904,
    "home_team_name" : "Bayer Leverkusen",
    "home_team_gender" : "male",
    "home_team_group" : null,
    "country" : {
      "id" : 85,
      "name" : "Germany"
    },
    "managers" : [ {
      "id" : 1000310,
      "name" : "Xabier Alonso Olano",
      "nickname" : "Xabi Alonso",
      "dob" : "1981-11-25",
      "country" : {
        "id" : 214,
        "name" : "Spain"
      }
    } ]
  },
  "away_team" : {
    "away_team_id" : 180,
    "away_team_name" : "Borussia Dortmund",
    "away_team_gender" : "male",
    "away_team_group" : null,
    "country" : {
      "id" : 85,
      "name" : "Germany"
    },
    "managers" : [ {
      "id" : 5531,
      "name" : "Edin Terzić",
      "nickname" : null,
      "dob" : "1982-10-30",
      "country" : {
        "id" : 85,
        "name" : "Germany"
      }
    } ]
  },
  "home_score" : 1,
  "away_score" : 1,
  "match_status" : "available",
  "match_status_360" : "available",
  "last_updated" : "2024-05-07T19:57:11.111685",
  "last_updated_360" : "2024-05-07T20:02:31.877343",
  "metadata" : {
    "data_version" : "1.1.0",
    "shot_fidelity_version" : "2",
    "xy_fidelity_version" : "2"
  },
  "match_week" : 13,
  "competition_stage" : {
    "id" : 1,
    "name" : "Regular Season"
  },
  "stadium" : {
    "id" : 377,
    "name" : "BayArena",
    "country" : {
      "id" : 85,
      "name" : "Germany"
    }
  },
  "referee" : {
    "id" : 225,
    "name" : "Daniel Siebert",
    "country" : {
      "id" : 85,
      "name" : "Germany"
    }
  }
}, {
  "match_id" : 3895153,
  "match_date" : "2023-11-25",
  "kick_off" : "16:30:00.000",
  "competition" : {
    "competition_id" : 9,
    "country_name" : "Germany",
    "competition_name" : "1. Bundesliga"
  },
  "season" : {
    "season_id" : 281,
    "season_name" : "2023/2024"
  },
  "home_team" : {
    "home_team_id" : 176,
    "home_team_name" : "Werder Bremen",
    "home_team_gender" : "male",
    "home_team_group" : null,
    "country" : {
      "id" : 85,
      "name" : "Germany"
    },
    "managers" : [ {
      "id" : 4057,
      "name" : "Ole Werner",
      "nickname" : null,
      "dob" : "1988-05-04",
      "country" : {
        "id" : 85,
        "name" : "Germany"
      }
    } ]
  },
  "away_team" : {
    "away_team_id" : 904,
    "away_team_name" : "Bayer Leverkusen",
    "away_team_gender" : "male",
    "away_team_group" : null,
    "country" : {
      "id" : 85,
      "name" : "Germany"
    },
    "managers" : [ {
      "id" : 1000310,
      "name" : "Xabier Alonso Olano",
      "nickname" : "Xabi Alonso",
      "dob" : "1981-11-25",
      "country" : {
        "id" : 214,
        "name" : "Spain"
      }
    } ]
  },
  "home_score" : 0,
  "away_score" : 3,
  "match_status" : "available",
  "match_status_360" : "available",
  "last_updated" : "2024-02-23T06:50:14.653597",
  "last_updated_360" : "2024-03-26T09:18:16.484394",
  "metadata" : {
    "data_version" : "1.1.0",
    "shot_fidelity_version" : "2",
    "xy_fidelity_version" : "2"
  },
  "match_week" : 12,
  "competition_stage" : {
    "id" : 1,
    "name" : "Regular Season"
  },
  "stadium" : {
    "id" : 4729,
    "name" : "Wohninvest Weserstadion ",
    "country" : {
      "id" : 85,
      "name" : "Germany"
    }
  },
  "referee" : {
    "id" : 247,
    "name" : "Martin Petersen",
    "country" : {
      "id" : 85,
      "name" : "Germany"
    }
  }
}, {
  "match_id" : 3895113,
  "match_date" : "2023-10-21",
  "kick_off" : "16:30:00.000",
  "competition" : {
    "competition_id" : 9,
    "country_name" : "Germany",
    "competition_name" : "1. Bundesliga"
  },
  "season" : {
    "season_id" : 281,
    "season_name" : "2023/2024"
  },
  "home_team" : {
    "home_team_id" : 179,
    "home_team_name" : "Wolfsburg",
    "home_team_gender" : "male",
    "home_team_group" : null,
    "country" : {
      "id" : 85,
      "name" : "Germany"
    },
    "managers" : [ {
      "id" : 374,
      "name" : "Niko Kovač",
      "nickname" : null,
      "dob" : "1971-10-15",
      "country" : {
        "id" : 56,
        "name" : "Croatia"
      }
    } ]
  },
  "away_team" : {
    "away_team_id" : 904,
    "away_team_name" : "Bayer Leverkusen",
    "away_team_gender" : "male",
    "away_team_group" : null,
    "country" : {
      "id" : 85,
      "name" : "Germany"
    },
    "managers" : [ {
      "id" : 1000310,
      "name" : "Xabier Alonso Olano",
      "nickname" : "Xabi Alonso",
      "dob" : "1981-11-25",
      "country" : {
        "id" : 214,
        "name" : "Spain"
      }
    } ]
  },
  "home_score" : 1,
  "away_score" : 2,
  "match_status" : "available",
  "match_status_360" : "available",
  "last_updated" : "2023-12-27T04:25:23.928277",
  "last_updated_360" : "2024-03-27T09:17:41.033608",
  "metadata" : {
    "data_version" : "1.1.0",
    "shot_fidelity_version" : "2",
    "xy_fidelity_version" : "2"
  },
  "match_week" : 8,
  "competition_stage" : {
    "id" : 1,
    "name" : "Regular Season"
  },
  "stadium" : {
    "id" : 4849,
    "name" : "Volkswagen Arena",
    "country" : {
      "id" : 85,
      "name" : "Germany"
    }
  },
  "referee" : {
    "id" : 236,
    "name" : "Marco Fritz",
    "country" : {
      "id" : 85,
      "name" : "Germany"
    }
  }
}, {
  "match_id" : 3895095,
  "match_date" : "2023-09-30",
  "kick_off" : "16:30:00.000",
  "competition" : {
    "competition_id" : 9,
    "country_name" : "Germany",
    "competition_name" : "1. Bundesliga"
  },
  "season" : {
    "season_id" : 281,
    "season_name" : "2023/2024"
  },
  "home_team" : {
    "home_team_id" : 177,
    "home_team_name" : "FSV Mainz 05",
    "home_team_gender" : "male",
    "home_team_group" : null,
    "country" : {
      "id" : 85,
      "name" : "Germany"
    },
    "managers" : [ {
      "id" : 4975,
      "name" : "Bo Svensson",
      "nickname" : null,
      "dob" : "1979-08-04",
      "country" : {
        "id" : 61,
        "name" : "Denmark"
      }
    } ]
  },
  "away_team" : {
    "away_team_id" : 904,
    "away_team_name" : "Bayer Leverkusen",
    "away_team_gender" : "male",
    "away_team_group" : null,
    "country" : {
      "id" : 85,
      "name" : "Germany"
    },
    "managers" : [ {
      "id" : 1000310,
      "name" : "Xabier Alonso Olano",
      "nickname" : "Xabi Alonso",
      "dob" : "1981-11-25",
      "country" : {
        "id" : 214,
        "name" : "Spain"
      }
    } ]
  },
  "home_score" : 0,
  "away_score" : 3,
  "match_status" : "available",
  "match_status_360" : "available",
  "last_updated" : "2024-02-09T11:49:59.930945",
  "last_updated_360" : "2024-02-09T11:51:33.890250",
  "metadata" : {
    "data_version" : "1.1.0",
    "shot_fidelity_version" : "2",
    "xy_fidelity_version" : "2"
  },
  "match_week" : 6,
  "competition_stage" : {
    "id" : 1,
    "name" : "Regular Season"
  },
  "stadium" : {
    "id" : 374,
    "name" : "Mewa Arena",
    "country" : {
      "id" : 85,
      "name" : "Germany"
    }
  },
  "referee" : {
    "id" : 235,
    "name" : "Benjamin Brand",
    "country" : {
      "id" : 85,
      "name" : "Germany"
    }
  }
}, {
  "match_id" : 3895067,
  "match_date" : "2023-09-02",
  "kick_off" : "16:30:00.000",
  "competition" : {
    "competition_id" : 9,
    "country_name" : "Germany",
    "competition_name" : "1. Bundesliga"
  },
  "season" : {
    "season_id" : 281,
    "season_name" : "2023/2024"
  },
  "home_team" : {
    "home_team_id" : 904,
    "home_team_name" : "Bayer Leverkusen",
    "home_team_gender" : "male",
    "home_team_group" : null,
    "country" : {
      "id" : 85,
      "name" : "Germany"
    },
    "managers" : [ {
      "id" : 1000310,
      "name" : "Xabier Alonso Olano",
      "nickname" : "Xabi Alonso",
      "dob" : "1981-11-25",
      "country" : {
        "id" : 214,
        "name" : "Spain"
      }
    } ]
  },
  "away_team" : {
    "away_team_id" : 872,
    "away_team_name" : "Darmstadt 98",
    "away_team_gender" : "male",
    "away_team_group" : null,
    "country" : {
      "id" : 85,
      "name" : "Germany"
    },
    "managers" : [ {
      "id" : 100,
      "name" : "Torsten Lieberknecht",
      "nickname" : null,
      "dob" : "1973-08-01",
      "country" : {
        "id" : 85,
        "name" : "Germany"
      }
    } ]
  },
  "home_score" : 5,
  "away_score" : 1,
  "match_status" : "available",
  "match_status_360" : "available",
  "last_updated" : "2023-10-29T00:50:22.317494",
  "last_updated_360" : "2023-10-29T03:14:50.549747",
  "metadata" : {
    "data_version" : "1.1.0",
    "shot_fidelity_version" : "2",
    "xy_fidelity_version" : "2"
  },
  "match_week" : 3,
  "competition_stage" : {
    "id" : 1,
    "name" : "Regular Season"
  },
  "stadium" : {
    "id" : 377,
    "name" : "BayArena",
    "country" : {
      "id" : 85,
      "name" : "Germany"
    }
  },
  "referee" : {
    "id" : 246,
    "name" : "Sven Jablonski",
    "country" : {
      "id" : 85,
      "name" : "Germany"
    }
  }
}, {
  "match_id" : 3895060,
  "match_date" : "2023-08-26",
  "kick_off" : "19:30:00.000",
  "competition" : {
    "competition_id" : 9,
    "country_name" : "Germany",
    "competition_name" : "1. Bundesliga"
  },
  "season" : {
    "season_id" : 281,
    "season_name" : "2023/2024"
  },
  "home_team" : {
    "home_team_id" : 185,
    "home_team_name" : "Borussia Mönchengladbach",
    "home_team_gender" : "male",
    "home_team_group" : null,
    "country" : {
      "id" : 85,
      "name" : "Germany"
    },
    "managers" : [ {
      "id" : 732,
      "name" : "Gerardo Seoane Castro",
      "nickname" : "Gerardo Seoane",
      "dob" : "1978-10-30",
      "country" : {
        "id" : 221,
        "name" : "Switzerland"
      }
    } ]
  },
  "away_team" : {
    "away_team_id" : 904,
    "away_team_name" : "Bayer Leverkusen",
    "away_team_gender" : "male",
    "away_team_group" : null,
    "country" : {
      "id" : 85,
      "name" : "Germany"
    },
    "managers" : [ {
      "id" : 1000310,
      "name" : "Xabier Alonso Olano",
      "nickname" : "Xabi Alonso",
      "dob" : "1981-11-25",
      "country" : {
        "id" : 214,
        "name" : "Spain"
      }
    } ]
  },
  "home_score" : 0,
  "away_score" : 3,
  "match_status" : "available",
  "match_status_360" : "available",
  "last_updated" : "2023-12-06T10:45:55.999012",
  "last_updated_360" : "2023-12-06T10:47:16.970767",
  "metadata" : {
    "data_version" : "1.1.0",
    "shot_fidelity_version" : "2",
    "xy_fidelity_version" : "2"
  },
  "match_week" : 2,
  "competition_stage" : {
    "id" : 1,
    "name" : "Regular Season"
  },
  "stadium" : {
    "id" : 372,
    "name" : "Stadion im BORUSSIA-PARK",
    "country" : {
      "id" : 85,
      "name" : "Germany"
    }
  },
  "referee" : {
    "id" : 237,
    "name" : "Christian Dingert",
    "country" : {
      "id" : 85,
      "name" : "Germany"
    }
  }
}, {
  "match_id" : 3895052,
  "match_date" : "2023-08-19",
  "kick_off" : "16:30:00.000",
  "competition" : {
    "competition_id" : 9,
    "country_name" : "Germany",
    "competition_name" : "1. Bundesliga"
  },
  "season" : {
    "season_id" : 281,
    "season_name" : "2023/2024"
  },
  "home_team" : {
    "home_team_id" : 904,
    "home_team_name" : "Bayer Leverkusen",
    "home_team_gender" : "male",
    "home_team_group" : null,
    "country" : {
      "id" : 85,
      "name" : "Germany"
    },
    "managers" : [ {
      "id" : 1000310,
      "name" : "Xabier Alonso Olano",
      "nickname" : "Xabi Alonso",
      "dob" : "1981-11-25",
      "country" : {
        "id" : 214,
        "name" : "Spain"
      }
    } ]
  },
  "away_team" : {
    "away_team_id" : 182,
    "away_team_name" : "RB Leipzig",
    "away_team_gender" : "male",
    "away_team_group" : null,
    "country" : {
      "id" : 85,
      "name" : "Germany"
    },
    "managers" : [ {
      "id" : 496,
      "name" : "Marco Rose",
      "nickname" : null,
      "dob" : "1976-09-11",
      "country" : {
        "id" : 85,
        "name" : "Germany"
      }
    } ]
  },
  "home_score" : 3,
  "away_score" : 2,
  "match_status" : "available",
  "match_status_360" : "available",
  "last_updated" : "2023-10-27T17:32:50.230518",
  "last_updated_360" : "2023-11-21T13:34:09.912520",
  "metadata" : {
    "data_version" : "1.1.0",
    "shot_fidelity_version" : "2",
    "xy_fidelity_version" : "2"
  },
  "match_week" : 1,
  "competition_stage" : {
    "id" : 1,
    "name" : "Regular Season"
  },
  "stadium" : {
    "id" : 377,
    "name" : "BayArena",
    "country" : {
      "id" : 85,
      "name" : "Germany"
    }
  },
  "referee" : {
    "id" : 186,
    "name" : "Felix Brych",
    "country" : {
      "id" : 85,
      "name" : "Germany"
    }
  }
} ]