[ {
  "competition_id" : 9,
  "season_id" : 281,
  "country_name" : "Germany",
  "competition_name" : "1. Bundesliga",
  "competition_gender" : "male",
  "competition_youth" : false,
  "competition_international" : false,
  "season_name" : "2023/2024",
  "match_updated" : "2024-07-15T14:15:54.671676",
  "match_updated_360" : "2024-07-15T14:17:00.877356",
  "match_available_360" : "2024-07-15T14:17:00.877356",
  "match_available" : "2024-07-15T14:15:54.671676"
}, {
  "competition_id" : 9,
  "season_id" : 27,
  "country_name" : "Germany",
  "competition_name" : "1. Bundesliga",
  "competition_gender" : "male",
  "competition_youth" : false,
  "competition_international" : false,
  "season_name" : "2015/2016",
  "match_updated" : "2024-05-19T11:11:14.192381",
  "match_updated_360" : null,
  "match_available_360" : null,
  "match_available" : "2024-05-19T11:11:14.192381"
}, {
  "competition_id" : 1267,
  "season_id" : 107,
  "country_name" : "Africa",
  "competition_name" : "African Cup of Nations",
  "competition_gender" : "male",
  "competition_youth" : false,
  "competition_international" : true,
  "season_name" : "2023",
  "match_updated" : "2024-06-13T07:51:02.452825",
  "match_updated_360" : null,
  "match_available_360" : null,
  "match_available" : "2024-06-13T07:51:02.452825"
}, {
  "competition_id" : 16,
  "season_id" : 4,
  "country_name" : "Europe",
  "competition_name" : "Champions League",
  "competition_gender" : "male",
  "competition_youth" : false,
  "competition_international" : false,
  "season_name" : "2018/2019",
  "match_updated" : "2024-06-12T07:44:38.559714",
  "match_updated_360" : "2021-06-13T16:17:31.694",
  "match_available_360" : null,
  "match_available" : "2024-06-12T07:44:38.559714"
}, {
  "competition_id" : 16,
  "season_id" : 1,
  "country_name" : "Europe",
  "competition_name" : "Champions League",
  "competition_gender" : "male",
  "competition_youth" : false,
  "competition_international" : false,
  "season_name" : "2017/2018",
  "match_updated" : "2024-02-13T02:35:28.134882",
  "match_updated_360" : "2021-06-13T16:17:31.694",
  "match_available_360" : null,
  "match_available" : "2024-02-13T02:35:28.134882"
}, {
  "competition_id" : 16,
  "season_id" : 2,
  "country_name" : "Europe",
  "competition_name" : "Champions League",
  "competition_gender" : "male",
  "competition_youth" : false,
  "competition_international" : false,
  "season_name" : "2016/2017",
  "match_updated" : "2024-02-13T02:37:32.205154",
  "match_updated_360" : "2021-06-13T16:17:31.694",
  "match_available_360" : null,
  "match_available" : "2024-02-13T02:37:32.205154"
}, {
  "competition_id" : 16,
  "season_id" : 27,
  "country_name" : "Europe",
  "competition_name" : "Champions League",
  "competition_gender" : "male",
  "competition_youth" : false,
  "competition_international" : false,
  "season_name" : "2015/2016",
  "match_updated" : "2024-06-12T07:45:38.786894",
  "match_updated_360" : "2021-06-13T16:17:31.694",
  "match_available_360" : null,
  "match_available" : "2024-06-12T07:45:38.786894"
}, {
  "competition_id" : 16,
  "season_id" : 26,
  "country_name" : "Europe",
  "competition_name" : "Champions League",
  "competition_gender" : "male",
  "competition_youth" : false,
  "competition_international" : false,
  "season_name" : "2014/2015",
  "match_updated" : "2024-02-12T12:49:54.914228",
  "match_updated_360" : "2021-06-13T16:17:31.694",
  "match_available_360" : null,
  "match_available" : "2024-02-12T12:49:54.914228"
}, {
  "competition_id" : 16,
  "season_id" : 25,
  "country_name" : "Europe",
  "competition_name" : "Champions League",
  "competition_gender" : "male",
  "competition_youth" : false,
  "competition_international" : false,
  "season_name" : "2013/2014",
  "match_updated" : "2024-02-12T12:48:48.479157",
  "match_updated_360" : "2021-06-13T16:17:31.694",
  "match_available_360" : null,
  "match_available" : "2024-02-12T12:48:48.479157"
}, {
  "competition_id" : 16,
  "season_id" : 24,
  "country_name" : "Europe",
  "competition_name" : "Champions League",
  "competition_gender" : "male",
  "competition_youth" : false,
  "competition_international" : false,
  "season_name" : "2012/2013",
  "match_updated" : "2024-02-12T12:47:34.340413",
  "match_updated_360" : "2021-06-13T16:17:31.694",
  "match_available_360" : null,
  "match_available" : "2024-02-12T12:47:34.340413"
}, {
  "competition_id" : 16,
  "season_id" : 23,
  "country_name" : "Europe",
  "competition_name" : "Champions League",
  "competition_gender" : "male",
  "competition_youth" : false,
  "competition_international" : false,
  "season_name" : "2011/2012",
  "match_updated" : "2024-02-13T02:36:35.698340",
  "match_updated_360" : "2021-06-13T16:17:31.694",
  "match_available_360" : null,
  "match_available" : "2024-02-13T02:36:35.698340"
}, {
  "competition_id" : 16,
  "season_id" : 22,
  "country_name" : "Europe",
  "competition_name" : "Champions League",
  "competition_gender" : "male",
  "competition_youth" : false,
  "competition_international" : false,
  "season_name" : "2010/2011",
  "match_updated" : "2024-02-12T12:53:03.944320",
  "match_updated_360" : "2021-06-13T16:17:31.694",
  "match_available_360" : null,
  "match_available" : "2024-02-12T12:53:03.944320"
}, {
  "competition_id" : 16,
  "season_id" : 21,
  "country_name" : "Europe",
  "competition_name" : "Champions League",
  "competition_gender" : "male",
  "competition_youth" : false,
  "competition_international" : false,
  "season_name" : "2009/2010",
  "match_updated" : "2024-02-12T12:49:25.017694",
  "match_updated_360" : "2021-06-13T16:17:31.694",
  "match_available_360" : null,
  "match_available" : "2024-02-12T12:49:25.017694"
}, {
  "competition_id" : 16,
  "season_id" : 41,
  "country_name" : "Europe",
  "competition_name" : "Champions League",
  "competition_gender" : "male",
  "competition_youth" : false,
  "competition_international" : false,
  "season_name" : "2008/2009",
  "match_updated" : "2024-02-13T07:02:54.657056",
  "match_updated_360" : "2021-06-13T16:17:31.694",
  "match_available_360" : null,
  "match_available" : "2024-02-13T07:02:54.657056"
}, {
  "competition_id" : 16,
  "season_id" : 39,
  "country_name" : "Europe",
  "competition_name" : "Champions League",
  "competition_gender" : "male",
  "competition_youth" : false,
  "competition_international" : false,
  "season_name" : "2006/2007",
  "match_updated" : "2024-02-12T13:48:23.967222",
  "match_updated_360" : "2021-06-13T16:17:31.694",
  "match_available_360" : null,
  "match_available" : "2024-02-12T13:48:23.967222"
}, {
  "competition_id" : 16,
  "season_id" : 37,
  "country_name" : "Europe",
  "competition_name" : "Champions League",
  "competition_gender" : "male",
  "competition_youth" : false,
  "competition_international" : false,
  "season_name" : "2004/2005",
  "match_updated" : "2024-02-12T13:09:19.665986",
  "match_updated_360" : "2021-06-13T16:17:31.694",
  "match_available_360" : null,
  "match_available" : "2024-02-12T13:09:19.665986"
}, {
  "competition_id" : 16,
  "season_id" : 44,
  "country_name" : "Europe",
  "competition_name" : "Champions League",
  "competition_gender" : "male",
  "competition_youth" : false,
  "competition_international" : false,
  "season_name" : "2003/2004",
  "match_updated" : "2024-02-12T13:51:22.366380",
  "match_updated_360" : "2021-06-13T16:17:31.694",
  "match_available_360" : null,
  "match_available" : "2024-02-12T13:51:22.366380"
}, {
  "competition_id" : 16,
  "season_id" : 76,
  "country_name" : "Europe",
  "competition_name" : "Champions League",
  "competition_gender" : "male",
  "competition_youth" : false,
  "competition_international" : false,
  "season_name" : "1999/2000",
  "match_updated" : "2020-07-29T05:00",
  "match_updated_360" : "2021-06-13T16:17:31.694",
  "match_available_360" : null,
  "match_available" : "2020-07-29T05:00"
}, {
  "competition_id" : 16,
  "season_id" : 277,
  "country_name" : "Europe",
  "competition_name" : "Champions League",
  "competition_gender" : "male",
  "competition_youth" : false,
  "competition_international" : false,
  "season_name" : "1972/1973",
  "match_updated" : "2024-02-13T14:25:16.532771",
  "match_updated_360" : null,
  "match_available_360" : null,
  "match_available" : "2024-02-13T14:25:16.532771"
}, {
  "competition_id" : 16,
  "season_id" : 71,
  "country_name" : "Europe",
  "competition_name" : "Champions League",
  "competition_gender" : "male",
  "competition_youth" : false,
  "competition_international" : false,
  "season_name" : "1971/1972",
  "match_updated" : "2024-02-12T14:25:01.735880",
  "match_updated_360" : "2021-06-13T16:17:31.694",
  "match_available_360" : null,
  "match_available" : "2024-02-12T14:25:01.735880"
}, {
  "competition_id" : 16,
  "season_id" : 276,
  "country_name" : "Europe",
  "competition_name" : "Champions League",
  "competition_gender" : "male",
  "competition_youth" : false,
  "competition_international" : false,
  "season_name" : "1970/1971",
  "match_updated" : "2024-02-13T14:24:12.213582",
  "match_updated_360" : null,
  "match_available_360" : null,
  "match_available" : "2024-02-13T14:24:12.213582"
}, {
  "competition_id" : 223,
  "season_id" : 282,
  "country_name" : "South America",
  "competition_name" : "Copa America",
  "competition_gender" : "male",
  "competition_youth" : false,
  "competition_international" : true,
  "season_name" : "2024",
  "match_updated" : "2024-07-15T18:00:33.653673",
  "match_updated_360" : null,
  "match_available_360" : null,
  "match_available" : "2024-07-15T18:00:33.653673"
}, {
  "competition_id" : 87,
  "season_id" : 84,
  "country_name" : "Spain",
  "competition_name" : "Copa del Rey",
  "competition_gender" : "male",
  "competition_youth" : false,
  "competition_international" : false,
  "season_name" : "1983/1984",
  "match_updated" : "2024-02-13T01:54:12.946985",
  "match_updated_360" : "2021-06-13T16:17:31.694",
  "match_available_360" : null,
  "match_available" : "2024-02-13T01:54:12.946985"
}, {
  "competition_id" : 87,
  "season_id" : 268,
  "country_name" : "Spain",
  "competition_name" : "Copa del Rey",
  "competition_gender" : "male",
  "competition_youth" : false,
  "competition_international" : false,
  "season_name" : "1982/1983",
  "match_updated" : "2024-02-13T14:19:57.954551",
  "match_updated_360" : null,
  "match_available_360" : null,
  "match_available" : "2024-02-13T14:19:57.954551"
}, {
  "competition_id" : 87,
  "season_id" : 279,
  "country_name" : "Spain",
  "competition_name" : "Copa del Rey",
  "competition_gender" : "male",
  "competition_youth" : false,
  "competition_international" : false,
  "season_name" : "1977/1978",
  "match_updated" : "2024-02-13T14:26:19.978418",
  "match_updated_360" : null,
  "match_available_360" : null,
  "match_available" : "2024-02-13T14:26:19.978418"
}, {
  "competition_id" : 37,
  "season_id" : 90,
  "country_name" : "England",
  "competition_name" : "FA Women's Super League",
  "competition_gender" : "female",
  "competition_youth" : false,
  "competition_international" : false,
  "season_name" : "2020/2021",
  "match_updated" : "2023-02-25T14:52:09.326729",
  "match_updated_360" : "2021-06-13T16:17:31.694",
  "match_available_360" : null,
  "match_available" : "2023-02-25T14:52:09.326729"
}, {
  "competition_id" : 37,
  "season_id" : 42,
  "country_name" : "England",
  "competition_name" : "FA Women's Super League",
  "competition_gender" : "female",
  "competition_youth" : false,
  "competition_international" : false,
  "season_name" : "2019/2020",
  "match_updated" : "2024-02-12T15:05:34.211400",
  "match_updated_360" : "2021-06-13T16:17:31.694",
  "match_available_360" : null,
  "match_available" : "2024-02-12T15:05:34.211400"
}, {
  "competition_id" : 37,
  "season_id" : 4,
  "country_name" : "England",
  "competition_name" : "FA Women's Super League",
  "competition_gender" : "female",
  "competition_youth" : false,
  "competition_international" : false,
  "season_name" : "2018/2019",
  "match_updated" : "2024-06-12T07:41:45.347457",
  "match_updated_360" : "2021-06-13T16:17:31.694",
  "match_available_360" : null,
  "match_available" : "2024-06-12T07:41:45.347457"
}, {
  "competition_id" : 1470,
  "season_id" : 274,
  "country_name" : "International",
  "competition_name" : "FIFA U20 World Cup",
  "competition_gender" : "male",
  "competition_youth" : false,
  "competition_international" : false,
  "season_name" : "1979",
  "match_updated" : "2024-02-13T14:20:59.825440",
  "match_updated_360" : null,
  "match_available_360" : null,
  "match_available" : "2024-02-13T14:20:59.825440"
}, {
  "competition_id" : 43,
  "season_id" : 106,
  "country_name" : "International",
  "competition_name" : "FIFA World Cup",
  "competition_gender" : "male",
  "competition_youth" : false,
  "competition_international" : true,
  "season_name" : "2022",
  "match_updated" : "2024-05-15T10:23:32.854925",
  "match_updated_360" : "2024-06-11T11:30:50.462448",
  "match_available_360" : "2024-06-11T11:30:50.462448",
  "match_available" : "2024-05-15T10:23:32.854925"
}, {
  "competition_id" : 43,
  "season_id" : 3,
  "country_name" : "International",
  "competition_name" : "FIFA World Cup",
  "competition_gender" : "male",
  "competition_youth" : false,
  "competition_international" : true,
  "season_name" : "2018",
  "match_updated" : "2024-06-12T07:38:19.345758",
  "match_updated_360" : "2021-06-13T16:17:31.694",
  "match_available_360" : null,
  "match_available" : "2024-06-12T07:38:19.345758"
}, {
  "competition_id" : 43,
  "season_id" : 55,
  "country_name" : "International",
  "competition_name" : "FIFA World Cup",
  "competition_gender" : "male",
  "competition_youth" : false,
  "competition_international" : true,
  "season_name" : "1990",
  "match_updated" : "2023-06-28T10:58:20.137929",
  "match_updated_360" : "2021-06-12T16:17:31.694",
  "match_available_360" : null,
  "match_available" : "2023-06-28T10:58:20.137929"
}, {
  "competition_id" : 43,
  "season_id" : 54,
  "country_name" : "International",
  "competition_name" : "FIFA World Cup",
  "competition_gender" : "male",
  "competition_youth" : false,
  "competition_international" : true,
  "season_name" : "1986",
  "match_updated" : "2023-12-26T22:34:04.263530",
  "match_updated_360" : "2021-06-13T16:17:31.694",
  "match_available_360" : null,
  "match_available" : "2023-12-26T22:34:04.263530"
}, {
  "competition_id" : 43,
  "season_id" : 51,
  "country_name" : "International",
  "competition_name" : "FIFA World Cup",
  "competition_gender" : "male",
  "competition_youth" : false,
  "competition_international" : true,
  "season_name" : "1974",
  "match_updated" : "2024-02-13T02:52:29.582599",
  "match_updated_360" : "2021-06-13T16:17:31.694",
  "match_available_360" : null,
  "match_available" : "2024-02-13T02:52:29.582599"
}, {
  "competition_id" : 43,
  "season_id" : 272,
  "country_name" : "International",
  "competition_name" : "FIFA World Cup",
  "competition_gender" : "male",
  "competition_youth" : false,
  "competition_international" : true,
  "season_name" : "1970",
  "match_updated" : "2024-02-13T14:23:06.735299",
  "match_updated_360" : null,
  "match_available_360" : null,
  "match_available" : "2024-02-13T14:23:06.735299"
}, {
  "competition_id" : 43,
  "season_id" : 270,
  "country_name" : "International",
  "competition_name" : "FIFA World Cup",
  "competition_gender" : "male",
  "competition_youth" : false,
  "competition_international" : true,
  "season_name" : "1962",
  "match_updated" : "2023-06-26T10:38:00.323984",
  "match_updated_360" : null,
  "match_available_360" : null,
  "match_available" : "2023-06-26T10:38:00.323984"
}, {
  "competition_id" : 43,
  "season_id" : 269,
  "country_name" : "International",
  "competition_name" : "FIFA World Cup",
  "competition_gender" : "male",
  "competition_youth" : false,
  "competition_international" : true,
  "season_name" : "1958",
  "match_updated" : "2024-02-13T14:22:08.222297",
  "match_updated_360" : null,
  "match_available_360" : null,
  "match_available" : "2024-02-13T14:22:08.222297"
}, {
  "competition_id" : 1238,
  "season_id" : 108,
  "country_name" : "India",
  "competition_name" : "Indian Super league",
  "competition_gender" : "male",
  "competition_youth" : false,
  "competition_international" : false,
  "season_name" : "2021/2022",
  "match_updated" : "2024-02-12T17:41:31.729787",
  "match_updated_360" : null,
  "match_available_360" : null,
  "match_available" : "2024-02-12T17:41:31.729787"
}, {
  "competition_id" : 11,
  "season_id" : 90,
  "country_name" : "Spain",
  "competition_name" : "La Liga",
  "competition_gender" : "male",
  "competition_youth" : false,
  "competition_international" : false,
  "season_name" : "2020/2021",
  "match_updated" : "2024-07-15T15:15:28.367546",
  "match_updated_360" : "2024-07-15T15:17:45.455234",
  "match_available_360" : "2024-07-15T15:17:45.455234",
  "match_available" : "2024-07-15T15:15:28.367546"
}, {
  "competition_id" : 11,
  "season_id" : 42,
  "country_name" : "Spain",
  "competition_name" : "La Liga",
  "competition_gender" : "male",
  "competition_youth" : false,
  "competition_international" : false,
  "season_name" : "2019/2020",
  "match_updated" : "2024-07-12T16:27:54.561817",
  "match_updated_360" : "2021-06-13T16:17:31.694",
  "match_available_360" : null,
  "match_available" : "2024-07-12T16:27:54.561817"
}, {
  "competition_id" : 11,
  "season_id" : 4,
  "country_name" : "Spain",
  "competition_name" : "La Liga",
  "competition_gender" : "male",
  "competition_youth" : false,
  "competition_international" : false,
  "season_name" : "2018/2019",
  "match_updated" : "2024-06-12T07:42:36.910303",
  "match_updated_360" : "2021-07-09T14:53:22.103024",
  "match_available_360" : null,
  "match_available" : "2024-06-12T07:42:36.910303"
}, {
  "competition_id" : 11,
  "season_id" : 1,
  "country_name" : "Spain",
  "competition_name" : "La Liga",
  "competition_gender" : "male",
  "competition_youth" : false,
  "competition_international" : false,
  "season_name" : "2017/2018",
  "match_updated" : "2024-06-12T07:32:43.196678",
  "match_updated_360" : "2021-06-13T16:17:31.694",
  "match_available_360" : null,
  "match_available" : "2024-06-12T07:32:43.196678"
}, {
  "competition_id" : 11,
  "season_id" : 2,
  "country_name" : "Spain",
  "competition_name" : "La Liga",
  "competition_gender" : "male",
  "competition_youth" : false,
  "competition_international" : false,
  "season_name" : "2016/2017",
  "match_updated" : "2024-03-12T08:49:46.449084",
  "match_updated_360" : "2021-06-13T16:17:31.694",
  "match_available_360" : null,
  "match_available" : "2024-03-12T08:49:46.449084"
}, {
  "competition_id" : 11,
  "season_id" : 27,
  "country_name" : "Spain",
  "competition_name" : "La Liga",
  "competition_gender" : "male",
  "competition_youth" : false,
  "competition_international" : false,
  "season_name" : "2015/2016",
  "match_updated" : "2024-05-16T14:06:52.149840",
  "match_updated_360" : "2021-06-13T16:17:31.694",
  "match_available_360" : null,
  "match_available" : "2024-05-16T14:06:52.149840"
}, {
  "competition_id" : 11,
  "season_id" : 26,
  "country_name" : "Spain",
  "competition_name" : "La Liga",
  "competition_gender" : "male",
  "competition_youth" : false,
  "competition_international" : false,
  "season_name" : "2014/2015",
  "match_updated" : "2023-09-20T17:22:28.925900",
  "match_updated_360" : "2021-06-13T16:17:31.694",
  "match_available_360" : null,
  "match_available" : "2023-09-20T17:22:28.925900"
}, {
  "competition_id" : 11,
  "season_id" : 25,
  "country_name" : "Spain",
  "competition_name" : "La Liga",
  "competition_gender" : "male",
  "competition_youth" : false,
  "competition_international" : false,
  "season_name" : "2013/2014",
  "match_updated" : "2022-07-23T12:18:49.547396",
  "match_updated_360" : "2021-06-13T16:17:31.694",
  "match_available_360" : null,
  "match_available" : "2022-07-23T12:18:49.547396"
}, {
  "competition_id" : 11,
  "season_id" : 24,
  "country_name" : "Spain",
  "competition_name" : "La Liga",
  "competition_gender" : "male",
  "competition_youth" : false,
  "competition_international" : false,
  "season_name" : "2012/2013",
  "match_updated" : "2024-03-10T11:24:05.201066",
  "match_updated_360" : "2021-06-13T16:17:31.694",
  "match_available_360" : null,
  "match_available" : "2024-03-10T11:24:05.201066"
}, {
  "competition_id" : 11,
  "season_id" : 23,
  "country_name" : "Spain",
  "competition_name" : "La Liga",
  "competition_gender" : "male",
  "competition_youth" : false,
  "competition_international" : false,
  "season_name" : "2011/2012",
  "match_updated" : "2022-12-01T14:10:17.791769",
  "match_updated_360" : "2021-06-13T16:17:31.694",
  "match_available_360" : null,
  "match_available" : "2022-12-01T14:10:17.791769"
}, {
  "competition_id" : 11,
  "season_id" : 22,
  "country_name" : "Spain",
  "competition_name" : "La Liga",
  "competition_gender" : "male",
  "competition_youth" : false,
  "competition_international" : false,
  "season_name" : "2010/2011",
  "match_updated" : "2023-04-19T10:48:44.079830",
  "match_updated_360" : "2021-06-13T16:17:31.694",
  "match_available_360" : null,
  "match_available" : "2023-04-19T10:48:44.079830"
}, {
  "competition_id" : 11,
  "season_id" : 21,
  "country_name" : "Spain",
  "competition_name" : "La Liga",
  "competition_gender" : "male",
  "competition_youth" : false,
  "competition_international" : false,
  "season_name" : "2009/2010",
  "match_updated" : "2023-11-29T10:55:10.039117",
  "match_updated_360" : "2021-06-13T16:17:31.694",
  "match_available_360" : null,
  "match_available" : "2023-11-29T10:55:10.039117"
}, {
  "competition_id" : 11,
  "season_id" : 41,
  "country_name" : "Spain",
  "competition_name" : "La Liga",
  "competition_gender" : "male",
  "competition_youth" : false,
  "competition_international" : false,
  "season_name" : "2008/2009",
  "match_updated" : "2023-04-19T10:46:29.203565",
  "match_updated_360" : "2021-06-13T16:17:31.694",
  "match_available_360" : null,
  "match_available" : "2023-04-19T10:46:29.203565"
}, {
  "competition_id" : 11,
  "season_id" : 40,
  "country_name" : "Spain",
  "competition_name" : "La Liga",
  "competition_gender" : "male",
  "competition_youth" : false,
  "competition_international" : false,
  "season_name" : "2007/2008",
  "match_updated" : "2023-04-19T10:42:35.284291",
  "match_updated_360" : "2021-06-13T16:17:31.694",
  "match_available_360" : null,
  "match_available" : "2023-04-19T10:42:35.284291"
}, {
  "competition_id" : 11,
  "season_id" : 39,
  "country_name" : "Spain",
  "competition_name" : "La Liga",
  "competition_gender" : "male",
  "competition_youth" : false,
  "competition_international" : false,
  "season_name" : "2006/2007",
  "match_updated" : "2023-03-26T23:19:39.125951",
  "match_updated_360" : "2021-06-13T16:17:31.694",
  "match_available_360" : null,
  "match_available" : "2023-03-26T23:19:39.125951"
}, {
  "competition_id" : 11,
  "season_id" : 38,
  "country_name" : "Spain",
  "competition_name" : "La Liga",
  "competition_gender" : "male",
  "competition_youth" : false,
  "competition_international" : false,
  "season_name" : "2005/2006",
  "match_updated" : "2022-07-03T12:34:31.749038",
  "match_updated_360" : "2021-06-13T16:17:31.694",
  "match_available_360" : null,
  "match_available" : "2022-07-03T12:34:31.749038"
}, {
  "competition_id" : 11,
  "season_id" : 37,
  "country_name" : "Spain",
  "competition_name" : "La Liga",
  "competition_gender" : "male",
  "competition_youth" : false,
  "competition_international" : false,
  "season_name" : "2004/2005",
  "match_updated" : "2023-11-29T10:56:10.031508",
  "match_updated_360" : "2021-06-13T16:17:31.694",
  "match_available_360" : null,
  "match_available" : "2023-11-29T10:56:10.031508"
}, {
  "competition_id" : 11,
  "season_id" : 278,
  "country_name" : "Spain",
  "competition_name" : "La Liga",
  "competition_gender" : "male",
  "competition_youth" : false,
  "competition_international" : false,
  "season_name" : "1973/1974",
  "match_updated" : "2023-07-06T12:50:48.807820",
  "match_updated_360" : null,
  "match_available_360" : null,
  "match_available" : "2023-07-06T12:50:48.807820"
}, {
  "competition_id" : 81,
  "season_id" : 48,
  "country_name" : "Argentina",
  "competition_name" : "Liga Profesional",
  "competition_gender" : "male",
  "competition_youth" : false,
  "competition_international" : false,
  "season_name" : "1997/1998",
  "match_updated" : "2023-06-28T11:19:54.593488",
  "match_updated_360" : null,
  "match_available_360" : null,
  "match_available" : "2023-06-28T11:19:54.593488"
}, {
  "competition_id" : 81,
  "season_id" : 275,
  "country_name" : "Argentina",
  "competition_name" : "Liga Profesional",
  "competition_gender" : "male",
  "competition_youth" : false,
  "competition_international" : false,
  "season_name" : "1981",
  "match_updated" : "2023-12-05T14:19:40.272816",
  "match_updated_360" : null,
  "match_available_360" : null,
  "match_available" : "2023-12-05T14:19:40.272816"
}, {
  "competition_id" : 7,
  "season_id" : 235,
  "country_name" : "France",
  "competition_name" : "Ligue 1",
  "competition_gender" : "male",
  "competition_youth" : false,
  "competition_international" : false,
  "season_name" : "2022/2023",
  "match_updated" : "2024-06-11T00:50:53.277411",
  "match_updated_360" : "2024-06-26T08:17:36.043856",
  "match_available_360" : "2024-06-26T08:17:36.043856",
  "match_available" : "2024-06-11T00:50:53.277411"
}, {
  "competition_id" : 7,
  "season_id" : 108,
  "country_name" : "France",
  "competition_name" : "Ligue 1",
  "competition_gender" : "male",
  "competition_youth" : false,
  "competition_international" : false,
  "season_name" : "2021/2022",
  "match_updated" : "2024-06-03T16:46:00.665854",
  "match_updated_360" : "2024-06-03T16:49:55.355195",
  "match_available_360" : "2024-06-03T16:49:55.355195",
  "match_available" : "2024-06-03T16:46:00.665854"
}, {
  "competition_id" : 7,
  "season_id" : 27,
  "country_name" : "France",
  "competition_name" : "Ligue 1",
  "competition_gender" : "male",
  "competition_youth" : false,
  "competition_international" : false,
  "season_name" : "2015/2016",
  "match_updated" : "2024-01-07T06:23:44.277971",
  "match_updated_360" : null,
  "match_available_360" : null,
  "match_available" : "2024-01-07T06:23:44.277971"
}, {
  "competition_id" : 44,
  "season_id" : 107,
  "country_name" : "United States of America",
  "competition_name" : "Major League Soccer",
  "competition_gender" : "male",
  "competition_youth" : false,
  "competition_international" : false,
  "season_name" : "2023",
  "match_updated" : "2024-07-14T18:53:28.735163",
  "match_updated_360" : "2024-07-14T18:58:42.974543",
  "match_available_360" : "2024-07-14T18:58:42.974543",
  "match_available" : "2024-07-14T18:53:28.735163"
}, {
  "competition_id" : 116,
  "season_id" : 68,
  "country_name" : "North and Central America",
  "competition_name" : "North American League",
  "competition_gender" : "male",
  "competition_youth" : false,
  "competition_international" : false,
  "season_name" : "1977",
  "match_updated" : "2024-02-12T14:20:24.769832",
  "match_updated_360" : "2021-06-13T16:17:31.694",
  "match_available_360" : null,
  "match_available" : "2024-02-12T14:20:24.769832"
}, {
  "competition_id" : 49,
  "season_id" : 3,
  "country_name" : "United States of America",
  "competition_name" : "NWSL",
  "competition_gender" : "female",
  "competition_youth" : false,
  "competition_international" : false,
  "season_name" : "2018",
  "match_updated" : "2023-07-24T13:01:22.094587",
  "match_updated_360" : "2021-06-13T16:17:31.694",
  "match_available_360" : null,
  "match_available" : "2023-07-24T13:01:22.094587"
}, {
  "competition_id" : 2,
  "season_id" : 27,
  "country_name" : "England",
  "competition_name" : "Premier League",
  "competition_gender" : "male",
  "competition_youth" : false,
  "competition_international" : false,
  "season_name" : "2015/2016",
  "match_updated" : "2024-06-12T07:43:56.243851",
  "match_updated_360" : "2021-06-13T16:17:31.694",
  "match_available_360" : null,
  "match_available" : "2024-06-12T07:43:56.243851"
}, {
  "competition_id" : 2,
  "season_id" : 44,
  "country_name" : "England",
  "competition_name" : "Premier League",
  "competition_gender" : "male",
  "competition_youth" : false,
  "competition_international" : false,
  "season_name" : "2003/2004",
  "match_updated" : "2024-03-08T14:49:13.195793",
  "match_updated_360" : "2021-06-13T16:17:31.694",
  "match_available_360" : null,
  "match_available" : "2024-03-08T14:49:13.195793"
}, {
  "competition_id" : 12,
  "season_id" : 27,
  "country_name" : "Italy",
  "competition_name" : "Serie A",
  "competition_gender" : "male",
  "competition_youth" : false,
  "competition_international" : false,
  "season_name" : "2015/2016",
  "match_updated" : "2024-06-25T23:56:11.910924",
  "match_updated_360" : null,
  "match_available_360" : null,
  "match_available" : "2024-06-25T23:56:11.910924"
}, {
  "competition_id" : 12,
  "season_id" : 86,
  "country_name" : "Italy",
  "competition_name" : "Serie A",
  "competition_gender" : "male",
  "competition_youth" : false,
  "competition_international" : false,
  "season_name" : "1986/1987",
  "match_updated" : "2023-06-18T01:55:53.343752",
  "match_updated_360" : null,
  "match_available_360" : null,
  "match_available" : "2023-06-18T01:55:53.343752"
}, {
  "competition_id" : 55,
  "season_id" : 282,
  "country_name" : "Europe",
  "competition_name" : "UEFA Euro",
  "competition_gender" : "male",
  "competition_youth" : false,
  "competition_international" : true,
  "season_name" : "2024",
  "match_updated" : "2024-07-15T15:48:50.315500",
  "match_updated_360" : "2024-07-15T15:52:24.778809",
  "match_available_360" : "2024-07-15T15:52:24.778809",
  "match_available" : "2024-07-15T15:48:50.315500"
}, {
  "competition_id" : 55,
  "season_id" : 43,
  "country_name" : "Europe",
  "competition_name" : "UEFA Euro",
  "competition_gender" : "male",
  "competition_youth" : false,
  "competition_international" : true,
  "season_name" : "2020",
  "match_updated" : "2024-04-16T12:44:40.558402",
  "match_updated_360" : "2024-04-16T12:47:18.505110",
  "match_available_360" : "2024-04-16T12:47:18.505110",
  "match_available" : "2024-04-16T12:44:40.558402"
}, {
  "competition_id" : 35,
  "season_id" : 75,
  "country_name" : "Europe",
  "competition_name" : "UEFA Europa League",
  "competition_gender" : "male",
  "competition_youth" : false,
  "competition_international" : false,
  "season_name" : "1988/1989",
  "match_updated" : "2024-02-12T14:45:05.702250",
  "match_updated_360" : "2021-06-13T16:17:31.694",
  "match_available_360" : null,
  "match_available" : "2024-02-12T14:45:05.702250"
}, {
  "competition_id" : 53,
  "season_id" : 106,
  "country_name" : "Europe",
  "competition_name" : "UEFA Women's Euro",
  "competition_gender" : "female",
  "competition_youth" : false,
  "competition_international" : true,
  "season_name" : "2022",
  "match_updated" : "2024-02-13T13:27:17.178263",
  "match_updated_360" : "2024-02-13T13:30:52.820588",
  "match_available_360" : "2024-02-13T13:30:52.820588",
  "match_available" : "2024-02-13T13:27:17.178263"
}, {
  "competition_id" : 72,
  "season_id" : 107,
  "country_name" : "International",
  "competition_name" : "Women's World Cup",
  "competition_gender" : "female",
  "competition_youth" : false,
  "competition_international" : true,
  "season_name" : "2023",
  "match_updated" : "2024-07-14T16:59:48.469596",
  "match_updated_360" : "2024-07-14T17:01:38.887279",
  "match_available_360" : "2024-07-14T17:01:38.887279",
  "match_available" : "2024-07-14T16:59:48.469596"
}, {
  "competition_id" : 72,
  "season_id" : 30,
  "country_name" : "International",
  "competition_name" : "Women's World Cup",
  "competition_gender" : "female",
  "competition_youth" : false,
  "competition_international" : true,
  "season_name" : "2019",
  "match_updated" : "2024-02-13T09:41:26.379767",
  "match_updated_360" : "2021-06-13T16:17:31.694",
  "match_available_360" : null,
  "match_available" : "2024-02-13T09:41:26.379767"
} ]